NCR,NCR_Date,Status,Material,Description,Rev,Drawing,Job,Sales_Order,Customer,Packlist_C,Reference,Lot,Origin_ref,Origin_cause,Qty_total,Qty_rejected,Location,Originated_by,Investigation_date,Disposition,Disposition_date,Close_Date,Originated_date,Disp_Job,Department,Verified_by,Verification_date,Division,Manager,Qty_Inspected,Due_Date,Class,Serial,Qty_Scrap,Qty_Rework,Qty_Return,Qty_UseAsIs,CustomerName
3283,6/26/2020 0:00,Closed,DRW-01891-02,"Assembled, Distal Humerus Plate, Lateral Helical, ",RAA,DRW-01891-00,2/1/3180,3180,SKEL,DRW-01890-02,Plate,SD0860,311,Set-up / Settings,33,33,DMR,RFOLK,10/16/2020 0:00,Rework,7/16/2020 0:00,10/16/2020 0:00,6/26/2020 0:00,R3180-02-1,341,RFOLK,10/16/2020 0:00,Milling - Cell A,BGARCIA,13,7/26/2020 0:00,Dimensional,3281,0,33,0,0,"Skeletal Dynamics, LLC"
3290,6/30/2020 0:00,Closed,DRW-01887-02,"Assembled, Distal Humerus Plate, Lateral Helical, ",RAA,DRW-01887-00,2/1/3183,3183,SKEL,DRW-01796-02,Plate,SD0856,341,Set-up / Settings,32,32,DMR,RFOLK,7/15/2020 0:00,Rework,7/17/2020 0:00,10/16/2020 0:00,6/30/2020 0:00,R3183-02-1,341,RFOLK,10/16/2020 0:00,Milling - Cell A,BGARCIA,13,7/30/2020 0:00,Dimensional,3281,0,32,0,0,"Skeletal Dynamics, LLC"
3295,7/7/2020 0:00,Closed,DRW-02089-01,"Assembled, Distal Humerus Plate, Lateral Direct, 1",RAA,DRW-02089-00,1/1/3177,3177,SKEL,DRW-02070-01,Plate,SD0851,311,Set-up / Settings,30,30,DMR,RFOLK,7/15/2020 0:00,Rework,8/28/2020 0:00,10/16/2020 0:00,7/7/2020 0:00,R3177-01-1,341,RFOLK,10/16/2020 0:00,Milling - Cell A,BGARCIA,13,8/7/2020 0:00,Dimensional,3281,0,30,0,0,"Skeletal Dynamics, LLC"
3297,7/7/2020 0:00,Closed,DRW-01893-01,"Assembled, Distal Humerus Plate, Lateral Helical, ",RAC,DRW-01893-00,1/1/3106,3106,SKEL,DRW-01892-01,Plate,SD0793,311,Set-up / Settings,16,16,DMR,RFOLK,7/31/2020 0:00,Rework,10/16/2020 0:00,10/16/2020 0:00,7/31/2020 0:00,R3106-01-1,311,RFOLK,10/16/2020 0:00,Milling - Cell A,BGARCIA,16,8/7/2020 0:00,Dimensional,,0,6,0,10,"Skeletal Dynamics, LLC"
3298,7/9/2020 0:00,Closed,P53-103-R104,"10°, MTP Plate, Short-Short, Right, 2-Hole Distal",B,P53-103-R104,3199-16-1,3199,PARAGON,P53-103-R104,Plate,3199-16-1,336,Finish Process,36,36,DMR,BGARCIA,7/15/2020 0:00,Rework,8/28/2020 0:00,12/9/2020 0:00,7/9/2020 0:00,3199-16-1,340,RFOLK,12/9/2020 0:00,Milling - Cell B,BGARCIA,13,8/10/2020 0:00,Dimensional,,0,36,0,0,Paragon 28
3299,7/10/2020 0:00,Closed,13600000,6.0mm Reline Open Tulip Lock Screw,A,13600000,,3284,NUVAS,13600000,Screw/Shank,R3284-01-1-A,333,Tooling,47,47,DMR,RFOLK,7/10/2020 0:00,Scrap,7/10/2020 0:00,12/11/2020 0:00,7/10/2020 0:00,,333,MDIECKMAN,7/10/2020 0:00,Post Machining Ops,MDIECKMAN,47,8/10/2020 0:00,Color Incorrect,,47,,,,NuVasive
3302,7/14/2020 0:00,Closed,1958356,4.5 x 38mm Reline Cervical Polyaxial Screw Shank,A,1958100,,N/A,NUVAS,1958100,Screw/Shank,NV14007,333,Finish Process,61,6,DMR,RFOLK,7/14/2020 0:00,Scrap,7/14/2020 0:00,12/8/2020 0:00,7/14/2020 0:00,,333,RFOLK,7/14/2020 0:00,Post Machining Ops,MDIECKMAN,61,8/14/2020 0:00,Color Incorrect,,6,,,,NuVasive
3303,7/15/2020 0:00,Closed,DRW-00717-02,2.0mm Preloaded Drill Guide Green,RAJ,DRW-00717-00,,3357,SKEL,DRW-00717-00,Drill Guide,SD1110,333,Finish Process,57,57,DMR,RFOLK,7/15/2020 0:00,Scrap,7/15/2020 0:00,12/8/2020 0:00,7/15/2020 0:00,,333,RFOLK,12/8/2020 0:00,Post Machining Ops,MDIECKMAN,57,8/15/2020 0:00,Other,,57,,,,"Skeletal Dynamics, LLC"
3304,7/16/2020 0:00,Closed,DRW-00781-01,Distal Radius Plate Narrow 4H Right,RAS,DRW-00781-00,,3339,SKEL,DRW-00781-01,Plate,SD1052,331,Finish Process,75,8,DMR,BGARCIA,12/8/2020 0:00,Scrap,12/8/2020 0:00,12/9/2020 0:00,7/16/2020 0:00,,341,RFOLK,12/9/2020 0:00,Milling - Cell A,BGARCIA,75,8/14/2020 0:00,Other,,8,0,0,0,"Skeletal Dynamics, LLC"
3305,7/16/2020 0:00,Closed,1642652,Reline MAS Reduction Tulip Base,D,1642652,,NV-2Q20,NUVAS,1642652,Tulip,NV14111,310,Fail to Follow Procd,275,275,DMR,RFOLK,7/16/2020 0:00,Rework,8/28/2020 0:00,12/9/2020 0:00,7/16/2020 0:00,,310,RFOLK,12/9/2020 0:00,Swiss - Cell B,MDIECKMAN,275,8/16/2020 0:00,Dimensional,,,275,,,NuVasive
3316,8/3/2020 0:00,Closed,8856550,6.5 x 50mm Deformity Fixed Screw 5.5mm Rod Ti,E,885XXXX,3417-28-1,3417,NUVAS,885XXXX,Shank,3417-28-1,310,Offset,27,27,DMR,RFOLK,8/3/2020 0:00,Rework,9/18/2020 0:00,12/9/2020 0:00,8/3/2020 0:00,3417-28-1,310,RFOLK,12/8/2020 0:00,Swiss - Cell B,MDIECKMAN,27,9/4/2020 0:00,Dimensional,,,27,,,
3379,9/25/2020 0:00,Closed,DRW-00764-02,Distal Radius Plate Standard 3H Left,RAS,DRW-00764-00,,3357,SKEL,DRW-00764-00,Plate,SD1152,336,Finish Process,174,174,DMR,BGARCIA,10/6/2020 0:00,Rework,12/8/2020 0:00,12/9/2020 0:00,9/25/2020 0:00,SD1152,340,RFOLK,12/9/2020 0:00,Milling - Cell A,BGARCIA,174,10/26/2020 0:00,Thread NC,,0,174,0,0,"Skeletal Dynamics, LLC"
3387,10/12/2020 0:00,Closed,1906404,3.5 x 14mm Reline Cervical Polyaxial Screw Shank,A,1906XXX,,3387,NUVAS,1906XXX,Shank,NV14284,332,Fail to Follow Procd,1,1,DMR,RFOLK,12/9/2020 0:00,Scrap,10/12/2020 0:00,12/9/2020 0:00,10/12/2020 0:00,,336,MDIECKMAN,10/12/2020 0:00,Post Machining Ops,MDIECKMAN,1,11/12/2020 0:00,Other,,1,,,,NuVasive
3388,10/13/2020 0:00,Closed,231201225,"1.5mm AO, Cannulated Hex Driver",D,133210000,1/1/3438,3438,BIOMET,133210000,Driver,1/1/3438,310,Set-up / Settings,275,275,DMR,RFOLK,10/13/2020 0:00,Rework,10/26/2020 0:00,12/9/2020 0:00,10/13/2020 0:00,,310,RFOLK,12/9/2020 0:00,Swiss - Cell B,MDIECKMAN,275,11/13/2020 0:00,Tools Marks / Chatte,,0,275,,,Biomet
3392,10/23/2020 0:00,Closed,15005-04-085-035,8.5 x 35mm Cannulated Bottom Loading Bone Screw,B,15005-04-XXX-XXX,,3531,ALPHA,15005-04-XXX-XXX,Screw/Shank,AL0747,310,Offset,28,28,DMR,RFOLK,10/23/2020 0:00,Scrap,10/23/2020 0:00,12/9/2020 0:00,10/23/2020 0:00,,310,RFOLK,12/9/2020 0:00,Swiss - Cell A,MDIECKMAN,28,11/23/2020 0:00,Dimensional,,28,,,,Alphatec Spine
3420,11/19/2020 0:00,Closed,15022-01-02,Extended Tab,B,15022-01-02,,3424,ALPHA,15022-01-02,Tower,AL0625,310,Offset,261,175,DMR,BGARCIA,12/21/2020 0:00,Use As Is- Deviation,2/22/2021 0:00,2/22/2021 0:00,12/15/2020 0:00,,311,BGARCIA,12/21/2020 0:00,Swiss - Cell C,BGARCIA,261,12/21/2020 0:00,Dimensional,3407,0,0,0,175,Alphatec Spine
3285,6/26/2020 0:00,Closed,DRW-01887-01,"Assembled, Distal Humerus Plate, Lateral Helical 8",RAA,DRW-01887-00,1/1/3183,3183,SKEL,DRW-01796-01,Plate,SD0855,311,Set-up / Settings,31,31,DMR,RFOLK,7/15/2020 0:00,Rework,7/16/2020 0:00,10/16/2020 0:00,6/26/2020 0:00,R3183-01-1,341,RFOLK,10/16/2020 0:00,Milling - Cell A,BGARCIA,13,7/26/2020 0:00,Dimensional,3281,0,31,0,0,"Skeletal Dynamics, LLC"
3288,6/29/2020 0:00,Closed,1759275,11.5 x 45mm .285 Solid Canc. Shank,E,1759000,,3384,NUVAS,1759000,Screw,NV14062,310,Fail to Follow Procd,28,20,DMR,RFOLK,6/29/2020 0:00,Scrap,12/10/2020 0:00,12/10/2020 0:00,6/29/2020 0:00,NV14130,310,RFOLK,12/10/2020 0:00,Swiss - Cell B,MDIECKMAN,28,7/29/2020 0:00,Dimensional,,20,0,0,0,NuVasive
3294,7/1/2020 0:00,Closed,P-05-126-00001-1,Nexgen TIBL Augment Screw,0D,P-05-126-00001-1,1/2/3395,3395,ZIMMER,P-05-126-00001-1,Screw/Shank,1/2/3395,336,Finish Process,790,790,DMR,RFOLK,7/1/2020 0:00,Shipped,7/13/2020 0:00,12/8/2020 0:00,7/1/2020 0:00,,310,MDIECKMAN,7/13/2020 0:00,Swiss - Cell D,MDIECKMAN,790,8/1/2020 0:00,Dimensional,,,,,790,
3292,7/7/2020 0:00,Closed,DRW-01889-01,"Assembled, Distal Humerus Plate, Lateral Helical, ",RAA,DRW-01889-00,1/1/3182,3182,SKEL,DRW-01888-01,Plate,SD0857,311,Set-up / Settings,33,33,DMR,RFOLK,7/15/2020 0:00,Rework,8/28/2020 0:00,10/16/2020 0:00,7/7/2020 0:00,R3182-01-1,341,RFOLK,10/16/2020 0:00,Milling - Cell A,BGARCIA,13,8/7/2020 0:00,Dimensional,3281,0,33,0,0,"Skeletal Dynamics, LLC"
3293,7/7/2020 0:00,Closed,DRW-02089-02,"Assembled, Distal Humerus Plate, Lateral Direct, 1",RAA,DRW-02089-00,2/1/3177,3177,SKEL,DRW-02070-02,Plate,SD0852,311,Set-up / Settings,35,35,DMR,RFOLK,7/15/2020 0:00,Rework,8/28/2020 0:00,10/16/2020 0:00,7/7/2020 0:00,R3177-02-1,341,RFOLK,10/16/2020 0:00,Milling - Cell A,BGARCIA,13,8/7/2020 0:00,Dimensional,3281,0,35,0,0,"Skeletal Dynamics, LLC"
3306,7/20/2020 0:00,Closed,DRW-01889-02,"Assembled, Distal Humerus Plate, Lateral Helical, ",RAA,DRW-01889-00,,3182,SKEL,DRW-01888-02,Plate,R3182-02-1,311,Offset,37,6,DMR,RFOLK,7/20/2020 0:00,Rework,10/16/2020 0:00,12/9/2020 0:00,7/20/2020 0:00,R3182-02-1,340,RFOLK,12/9/2020 0:00,Milling - Cell A,BGARCIA,37,8/20/2020 0:00,Dimensional,,0,6,0,0,"Skeletal Dynamics, LLC"
3307,7/20/2020 0:00,Closed,DRW-02087-02,"Assembled, Distal Humerus Plate, Lateral Direct, 8",RAA,DRW-02087-00,,3179,SKEL,DRW-02068-02,Plate,R3179-02-1,313,Finish Process,32,4,DMR,RFOLK,7/20/2020 0:00,Rework,10/16/2020 0:00,12/9/2020 0:00,7/20/2020 0:00,R3179-02-1-A,340,RFOLK,12/9/2020 0:00,Milling - Cell A,BGARCIA,32,8/20/2020 0:00,Other,,1,3,0,0,"Skeletal Dynamics, LLC"
3308,7/20/2020 0:00,Closed,DRW-00683-02,Distal Radius Plate Standard 4H Left,RAV,DRW-00683-00,,3357,SKEL,DRW-00683-02,Plate,SD1178,311,Finish Process,114,12,DMR,BGARCIA,12/8/2020 0:00,Rework,10/16/2020 0:00,12/9/2020 0:00,7/20/2020 0:00,SD1178,340,RFOLK,12/9/2020 0:00,Milling - Cell A,BGARCIA,114,8/20/2020 0:00,Tools Marks / Chatte,,0,12,0,0,"Skeletal Dynamics, LLC"
3358,9/3/2020 0:00,Closed,DRW-00781-01,Distal Radius Plate Narrow 4H Right,RAS,DRW-00781-00,,3255,SKEL,DRW-00781-01,Plate,SD0926,311,Offset,100,100,DMR,BGARCIA,12/8/2020 0:00,Rework,12/8/2020 0:00,12/9/2020 0:00,9/3/2020 0:00,SD0926,340,RFOLK,12/9/2020 0:00,Milling - Cell A,BGARCIA,100,10/5/2020 0:00,Tools Marks / Chatte,,0,100,0,0,"Skeletal Dynamics, LLC"
3359,9/3/2020 0:00,Closed,DRW-00702-02,Distal Radius Plate Wide 4H Left,RAS,DRW-00702-00,,3357,SKEL,DRW-00702-02,Plate,SD1209,311,Finish Process,69,69,DMR,BGARCIA,12/8/2020 0:00,Rework,12/8/2020 0:00,12/9/2020 0:00,9/3/2020 0:00,SD1209,340,RFOLK,12/9/2020 0:00,Milling - Cell A,BGARCIA,69,10/5/2020 0:00,Surface Finish,,0,69,0,0,"Skeletal Dynamics, LLC"
3364,9/8/2020 0:00,Closed,DRW-01828-01,"Ulnar Shortening Plate Distal,Right",RAB,DRW-01828-00,,3145,SKEL,DRW-01828-01,Plate,SD1223,311,Set-up / Settings,54,23,DMR,BGARCIA,9/8/2020 0:00,Scrap,9/8/2020 0:00,12/9/2020 0:00,9/8/2020 0:00,,340,RFOLK,12/9/2020 0:00,Milling - Cell A,BGARCIA,54,10/8/2020 0:00,Dimensional,,23,0,0,0,"Skeletal Dynamics, LLC"
3369,9/18/2020 0:00,Closed,8785113,"3.5 x 13mm  ACP Hybrid Screw, Variable S.D.",C,87851XX,R3432-01-2,1/2/3432,NUVAS,87851XX,Screw/Shank,JP22568,310,Finish Process,18,18,DMR,RFOLK,9/18/2020 0:00,Scrap,9/18/2020 0:00,12/9/2020 0:00,9/18/2020 0:00,,333,RFOLK,12/9/2020 0:00,Post Machining Ops,MDIECKMAN,18,10/18/2020 0:00,Color Incorrect,,18,,,,NuVasive
3370,9/18/2020 0:00,Closed,1882082,"5x17.5mm, Modulus 3D Interfix ALIF Bolt",B,1882080,2/1/3451,3451,NUVAS,1882080,Shank,2/1/3451,310,Offset,357,223,DMR,RFOLK,9/18/2020 0:00,Scrap,9/18/2020 0:00,12/9/2020 0:00,9/18/2020 0:00,,310,RFOLK,12/9/2020 0:00,Swiss - Cell A,MDIECKMAN,357,10/19/2020 0:00,Incomplete,,223,0,0,0,
3318,9/29/2020 0:00,Closed,18000-55-35,"5.5 x 35mm Invictus OCT, Polyaxial Screw",B,18000-XX-XX,3372-50-1,3372,ALPHA,1800-04-55-XX,Screw/Shank,AL0576,310,Set-up / Settings,27,27,DMR,RFOLK,9/29/2020 0:00,Rework,9/29/2020 0:00,12/9/2020 0:00,9/29/2020 0:00,,310,MDIECKMAN,9/29/2020 0:00,Swiss - Cell C,MDIECKMAN,27,10/29/2020 0:00,Dimensional,,,27,,,Alphatec Spine
3319,9/29/2020 0:00,Closed,18000-55-40,"5.5 x 40mm Invictus OCT, Polyaxial Screw",B,18000-XX-XX,3372-51-1,3372,ALPHA,1800-04-55-XX,Screw/Shank,AL0578,310,Set-up / Settings,40,40,DMR,RFOLK,9/29/2020 0:00,Rework,9/29/2020 0:00,12/9/2020 0:00,9/29/2020 0:00,,310,MDIECKMAN,9/29/2020 0:00,Swiss - Cell C,MDIECKMAN,40,10/29/2020 0:00,Dimensional,,,40,,,Alphatec Spine
3396,10/28/2020 0:00,Closed,231201325,1.5mm AO. Solid Hex Driver,D,133210000,1/1/3437,3437,BIOMET,133210000,Driver,1/1/3437,332,Fail to Follow Procd,105,105,DMR,RFOLK,10/28/2020 0:00,Rework,12/10/2020 0:00,12/10/2020 0:00,10/28/2020 0:00,1/1/3437,332,RFOLK,12/10/2020 0:00,Post Machining Ops,MDIECKMAN,105,11/28/2020 0:00,Other,,,105,,,Biomet
3417,11/18/2020 0:00,Closed,DRW-00764-02,Distal Radius Plate Standard 3H Left,RAS,DRW-00764-00,,3357,SKEL,DRW-00764-00,Plate,SD1274,311,Offset,94,94,DMR,BGARCIA,11/18/2020 0:00,Rework,12/8/2020 0:00,1/25/2021 0:00,11/18/2020 0:00,SD1274,340,RMCLLWAIN,1/25/2021 0:00,Milling - Cell A,BGARCIA,94,12/18/2020 0:00,Dimensional,,0,94,0,0,"Skeletal Dynamics, LLC"
3453,12/21/2020 0:00,Closed,15022-01-02,Extended Tab,B,15022-01-02,,3440,ALPHA,15022-01-02,Tower,AL0642,310,Offset,275,275,DMR,BGARCIA,12/21/2020 0:00,Scrap,12/21/2020 0:00,1/14/2021 0:00,12/21/2020 0:00,,311,BGARCIA,12/21/2020 0:00,Swiss - Cell C,BGARCIA,20,1/21/2021 0:00,Dimensional,,275,0,0,0,Alphatec Spine
3461,1/11/2021 0:00,Closed,DRW-01893-02,"175mm, Assembled, Distal Humerus Plate, Lateral He",RAC,DRW-01893-00,1/3/3528,3528,SKEL,DRW-01892-00,Plate,SD1377,311,Set-up / Settings,8,8,DMR,BGARCIA,1/11/2021 0:00,Rework,1/25/2021 0:00,1/25/2021 0:00,1/11/2021 0:00,1/6/3528,341,RMCLLWAIN,1/25/2021 0:00,Milling - Cell A,BGARCIA,8,2/12/2021 0:00,Thread NC,,0,8,0,0,"Skeletal Dynamics, LLC"
3479,1/21/2021 0:00,Verification,18000-01,Polyaxial Tulip,B,18000-01,,,ALPHA,,Tulip,AL0867,336,Fail to Follow Procd,1,1,DMR,MDIECKMAN,1/21/2021 0:00,Scrap,1/21/2021 0:00,,1/21/2021 0:00,,336,,,Post Machining Ops,MDIECKMAN,1,,Comingled,,1,,,,Alphatec Spine
3482,1/25/2021 0:00,Verification,DRW-00764-01,Distal Radius Plate Standard 3H Right,RAS,DRW-00764-00,,3581,SKEL,DRW-00764-00,Plate,SD1322,311,Set-up / Settings,112,112,DMR,BGARCIA,1/25/2021 0:00,Rework,3/3/2021 0:00,,1/25/2021 0:00,SD1322,340,,,Milling - Cell A,BGARCIA,112,2/26/2021 0:00,Surface Finish,,16,96,0,0,"Skeletal Dynamics, LLC"
3497,2/3/2021 0:00,Closed,DRW-00815-03,2.5mm Preloaded Drill Guide Gold,RAG,DRW-00815-00,,,SKEL,DRW-00815-00,Drill Guide,SD0920,332,Procedure,1097,1097,DMR,RFOLK,2/3/2021 0:00,Scrap,2/3/2021 0:00,2/24/2021 0:00,2/3/2021 0:00,,336,PLEPORE,2/4/2021 0:00,Post Machining Ops,MDIECKMAN,1097,3/3/2021 0:00,Color Incorrect,,1097,,,,"Skeletal Dynamics, LLC"
3503,2/5/2021 0:00,Verification,1642798,Reline MOD Tulip,A,1642798,,,NUVAS,,Tulip,NV14561,332,Handling,551,1,DMR,MDIECKMAN,2/5/2021 0:00,Scrap,2/5/2021 0:00,,2/5/2021 0:00,,332,,,Post Machining Ops,MDIECKMAN,551,,Comingled,,1,,,,NuVasive
3509,2/5/2021 0:00,Closed,24037545,7.5 x 45mm 2FC Reline-One Mod Shank,A,2403XXYY,3574-43-1,3574,NUVAS,2403XXYY,Shanks,3574-43-1,332,Fail to Follow Procd,155,155,DMR,RFOLK,2/5/2021 0:00,Rework,2/11/2021 0:00,2/24/2021 0:00,2/5/2021 0:00,,332,PLEPORE,2/12/2021 0:00,Post Machining Ops,MDIECKMAN,155,3/5/2021 0:00,Other,,0,155,,,
3529,2/23/2021 0:00,Disposition,1642661,Reline Poly Load Ring,C,1642661,,,NUVAS,,Load Rings,NV15134,310,Tooling,1100,1100,DMR,MDIECKMAN,2/23/2021 0:00,Other,,,2/23/2021 0:00,,310,,,Swiss - Cell D,MDIECKMAN,1100,,Dimensional,,0,1100,,,NuVasive
3530,2/23/2021 0:00,Disposition,ET1-302812-12,"28 x 12mm End Plate, 0 Degree",B,ET1-30XXXX-12,,3606,SEASPINE,ET1-30XXXX-12,Other,SS0099,311,Finish Process,52,52,DMR,BGARCIA,2/23/2021 0:00,Rework,,,2/23/2021 0:00,SS0099,340,,,Milling - Cell A,BGARCIA,52,3/23/2021 0:00,Surface Finish,,0,52,0,0,SeaSpine
3539,2/24/2021 0:00,Completed,15022-01-01,"Main Body, Extended Tab, Top Loading",B,15022-01-01,,,ALPHA,,Tulip,AL1045,336,Tooling,275,275,DMR,MDIECKMAN,2/24/2021 0:00,Rework,3/3/2021 0:00,,2/24/2021 0:00,,336,PLEPORE,3/22/2021 0:00,Post Machining Ops,MDIECKMAN,275,,Scratches,,,275,,,Alphatec Spine
3551,2/25/2021 0:00,Verification,11301-111-05,"11mm Lucent XP-C Retainer, 15 degrees",A,11301-XXX-05,,3509,SPINALE,11301-XXX-05,Other,SE0122,311,Set-up / Settings,17,17,DMR,BGARCIA,2/25/2021 0:00,Rework,3/4/2021 0:00,,2/25/2021 0:00,SE0122,340,,,Milling Production,BGARCIA,17,3/25/2021 0:00,Surface Finish,,0,17,0,0,Spinal Elements
3569,3/10/2021 0:00,Completed,15005-04-075-050,7.5 x 50mm Cannulated Bottom Loading Bone Screw,B,15005-04-XXX-XXX,,,ALPHA,,Shank,AL0995,310,Tooling,275,37,DMR,MDIECKMAN,3/10/2021 0:00,Scrap,3/10/2021 0:00,,3/10/2021 0:00,,310,KMILLER,3/10/2021 0:00,Swiss - Cell A,MDIECKMAN,275,,Diameter,,37,,,,Alphatec Spine
3579,3/15/2021 0:00,Investigation,DRW-01009-01,"GEMINUS Drill Block, Standard, Right",RAE,DRW-01009-00,,3639,SKEL,DRW-01009-00,Other,SD1379,311,,4,4,DMR,BGARCIA,,Rework,,,3/15/2021 0:00,,380,,,Vendor,BGARCIA,4,4/16/2021 0:00,Dimensional,,0,4,0,0,"Skeletal Dynamics, LLC"
3595,3/23/2021 0:00,Disposition,8448580,"8.5 x 80mm Open Iliac Screw Assembly, Ti",K,844XXXX,003670-19-1,,NUVAS,,Assembly,,310,Finish Process,54,13,DMR,MDIECKMAN,3/23/2021 0:00,Rework,,,3/23/2021 0:00,,310,,,Swiss - Cell B,MDIECKMAN,54,,Scratches,,0,13,,,
3597,3/23/2021 0:00,Investigation,1642664,Reline Closed Iliac Load Ring,A,1642664,,3669,NUVAS,1642664,Load Ring,NV15586,310,,682,682,DMR,LBARLOW,,,,,3/23/2021 0:00,NV15586,340,,,Swiss - Cell D,LBARLOW,34,4/23/2021 0:00,Dimensional,,0,682,0,0,NuVasive
3310,7/24/2020 0:00,Closed,DRW-00769-02,"Distal Radius Plate Standard 7 Hole, Left",RAQ,DRW-00769-00,,3357,SKEL,DRW-00769-02,Plate,SD1198,311,Finish Process,69,69,DMR,BGARCIA,12/8/2020 0:00,Rework,7/30/2020 0:00,12/9/2020 0:00,7/24/2020 0:00,SD1198,340,RFOLK,12/9/2020 0:00,Milling - Cell A,BGARCIA,69,8/24/2020 0:00,Tools Marks / Chatte,,0,69,0,0,"Skeletal Dynamics, LLC"
3311,7/28/2020 0:00,Closed,8826545006,6.5 x 45mm Precept Reduction Screw,J,882XXXX,3384-52-1,3384,NUVAS,1553267,Assembly,NV14051,380,Finish Process,103,4,DMR,RFOLK,7/28/2020 0:00,Rework,7/29/2020 0:00,12/8/2020 0:00,7/28/2020 0:00,3384-52-1,380,RFOLK,12/8/2020 0:00,Post Machining Ops,MDIECKMAN,103,8/28/2020 0:00,Color Incorrect,,0,4,0,0,
3327,8/4/2020 0:00,Closed,DRW-00764-01,Distal Radius Plate Standard 3H Right,RAS,DRW-00764-00,,3254,SKEL,DRW-00764-01,Plate,SD1044,331,Finish Process,121,121,DMR,BGARCIA,12/8/2020 0:00,Rework,10/16/2020 0:00,12/9/2020 0:00,8/4/2020 0:00,SD1044,340,RFOLK,12/9/2020 0:00,Milling - Cell A,BGARCIA,13,9/4/2020 0:00,Thread NC,,0,121,0,0,"Skeletal Dynamics, LLC"
3334,8/13/2020 0:00,Closed,P20-535-046S,"3.5 x 46mm MINI-MONSTER Cannulated, Short Thred Sc",B,P20-535-XXXX,3320-54-1,3320,PARAGON,P20-535-XXXX,Shank,JP1035,336,Fail to Follow Procd,36,36,DMR,RFOLK,8/13/2020 0:00,Rework,9/1/2020 0:00,12/9/2020 0:00,8/13/2020 0:00,3320-54-1,310,RFOLK,12/8/2020 0:00,Post Machining Ops,MDIECKMAN,36,9/14/2020 0:00,Color Incorrect,,,36,,,
3335,8/14/2020 0:00,Disposition,15100,"Open Set Screw, 25°",B,15100,2/2/3422,3422,ALPHA,15100,Screw/Shank,2/2/3422,310,Offset,551,551,DMR,BGARCIA,,Rework,,,8/14/2020 0:00,2/2/3422,340,,,Swiss - Cell D,BGARCIA,551,9/14/2020 0:00,Tools Marks / Chatte,,0,551,0,0,
3339,8/14/2020 0:00,Closed,DRW-00764-01,Distal Radius Plate Standard 3H Right,RAS,DRW-00764-00,,3254,SKEL,DRW-00764-01,Plate,SD1044,311,Finish Process,121,12,DMR,BGARCIA,12/8/2020 0:00,Rework,10/16/2020 0:00,12/9/2020 0:00,8/14/2020 0:00,SD1044,340,RFOLK,12/9/2020 0:00,Milling - Cell A,BGARCIA,121,9/14/2020 0:00,Surface Finish,,10,2,0,0,"Skeletal Dynamics, LLC"
3341,8/17/2020 0:00,Closed,15100,"Open Set Screw, 25°",B,15100,3/3/3422,3422,ALPHA,15100,Screw,3/3/3422,310,Tooling,54,54,DMR,RFOLK,8/17/2020 0:00,Scrap,8/17/2020 0:00,12/9/2020 0:00,8/17/2020 0:00,,310,RFOLK,12/9/2020 0:00,Swiss - Cell D,MDIECKMAN,54,9/17/2020 0:00,Other,,54,,,,
3343,8/17/2020 0:00,Closed,DRW-00781-01,Distal Radius Plate Narrow 4H Right,RAS,DRW-00781-00,,3322,SKEL,DRW-00781-01,Plate,SD1042,336,Finish Process,264,264,DMR,BGARCIA,8/31/2020 0:00,Rework,10/16/2020 0:00,12/9/2020 0:00,8/17/2020 0:00,SD1042,340,RFOLK,12/9/2020 0:00,Milling - Cell A,BGARCIA,13,9/17/2020 0:00,Thread NC,,0,264,0,0,"Skeletal Dynamics, LLC"
3344,8/17/2020 0:00,Closed,P20-535-038S,"3.5 x 38mm MINI-MONSTER Cann, Short Thread Screw, ",B,P20-535-XXXX,3298-26-1,3298,PARAGON,P20-535-XXXX,Screw,3298-26-1,310,Procedure,44,44,DMR,RFOLK,8/17/2020 0:00,Scrap,8/17/2020 0:00,12/9/2020 0:00,8/17/2020 0:00,,310,RFOLK,12/9/2020 0:00,Post Machining Ops,MDIECKMAN,44,9/17/2020 0:00,Color Incorrect,,44,0,0,0,
3279,6/22/2020 0:00,Completed,P-05-126-00001-1,Nexgen TIBL Augment Screw,0D,P-05-126-00001-1,1/4/3395,3395,ZIMMER,P-05-126-00001-1,Screw/Shank,1/4/3395,336,Finish Process,1590,1590,DMR,MDIECKMAN,6/22/2020 0:00,Rework,9/25/2020 0:00,,6/22/2020 0:00,1/4/3395,340,JTHOMAS,2/10/2021 0:00,Swiss - Cell D,MDIECKMAN,1590,7/22/2020 0:00,Dimensional,,0,1590,,,"Biomet Spine LLC, f/k/a Lanx-Biomet"
3280,6/22/2020 0:00,Closed,P-05-126-00001-1,Nexgen TIBL Augment Screw,0D,P-05-126-00001-1,1/2/3395,3395,ZIMMER,P-05-126-00001-1,Screw/Shank,1/2/3395,336,Finish Process,790,790,DMR,RFOLK,6/22/2020 0:00,Rework,7/2/2020 0:00,12/8/2020 0:00,6/22/2020 0:00,1/2/3395,340,RFOLK,12/8/2020 0:00,Swiss - Cell D,MDIECKMAN,790,7/24/2020 0:00,Dimensional,3279,0,790,,,"Biomet Spine LLC, f/k/a Lanx-Biomet"
3281,6/23/2020 0:00,Closed,DRW-02087-01,"Assembled, Distal Humerus Plate, Lateral DIrect 85",RAA,DRW-02087-00,1/1/3179,3179,SKEL,DRW-02068-00,Plate,SD0853,311,Set-up / Settings,37,37,DMR,RFOLK,10/16/2020 0:00,Rework,7/16/2020 0:00,10/16/2020 0:00,6/23/2020 0:00,R3179-01-1,341,RFOLK,10/16/2020 0:00,Milling - Cell A,BGARCIA,13,7/23/2020 0:00,Dimensional,,1,36,0,0,"Skeletal Dynamics, LLC"
3287,6/26/2020 0:00,Closed,DRW-02087-02,"Assembled, Distal Humerus Plate, Lateral Direct, 8",RAA,DRW-02087-00,2/1/3179,3179,SKEL,DRW-02068-02,Plate,SD0854,311,Set-up / Settings,35,35,DMR,RFOLK,7/15/2020 0:00,Rework,8/17/2020 0:00,10/16/2020 0:00,6/26/2020 0:00,R3179-02-1,341,RFOLK,10/16/2020 0:00,Milling - Cell A,BGARCIA,13,7/26/2020 0:00,Dimensional,3281,0,35,0,0,"Skeletal Dynamics, LLC"
3340,8/14/2020 0:00,Closed,DRW-00699-02,Distal Radius Plate Narrow 3H Left,RAV,DRW-00699-00,,3357,SKEL,DRW-00699-02,Plate,SD1115,336,Finish Process,168,23,DMR,BGARCIA,12/8/2020 0:00,Scrap,12/8/2020 0:00,12/9/2020 0:00,8/14/2020 0:00,,340,RFOLK,12/9/2020 0:00,Milling - Cell A,BGARCIA,168,9/14/2020 0:00,Other,,23,0,0,0,"Skeletal Dynamics, LLC"
3346,8/17/2020 0:00,Closed,P20-535-018S,"3.5 x 18mm MINI-MONSTER Cannulated, Short Thread S",B,P20-535-XXXX,3320-40-2,3220,PARAGON,P20-535-XXXX,Screw,3320-40-2,310,Fail to Follow Procd,176,176,DMR,RFOLK,8/17/2020 0:00,Scrap,8/17/2020 0:00,12/8/2020 0:00,8/17/2020 0:00,,310,RFOLK,12/8/2020 0:00,Post Machining Ops,MDIECKMAN,176,9/17/2020 0:00,Color Incorrect,,176,,,,
3347,8/18/2020 0:00,Closed,300-012291-00,"Base, Sleeve, ADM, IPL",X07,300-012291-00,5/1/3421,3421,SONORA,300-012291-00,Other,5/1/3421,311,Set-up / Settings,5,4,DMR,BGARCIA,8/18/2020 0:00,Use As Is- Deviation,1/14/2021 0:00,1/14/2021 0:00,8/18/2020 0:00,,311,BGARCIA,12/8/2020 0:00,Milling - Cell A,BGARCIA,5,9/18/2020 0:00,Dimensional,,0,0,0,4,
3348,8/19/2020 0:00,Closed,P53-103-R102,"MTP Plate, 10 Deg, Medium, Right",C,P53-103-R102,3200-14-1,3200,PARAGON,P53-103-R102,Plate,3200-14-1,311,Finish Process,36,5,DMR,BGARCIA,8/19/2020 0:00,Rework,10/16/2020 0:00,12/9/2020 0:00,8/19/2020 0:00,3200-14-1,340,RFOLK,12/9/2020 0:00,Milling - Cell B,BGARCIA,36,9/21/2020 0:00,Other,,0,5,0,0,
3349,8/19/2020 0:00,Closed,1751351,8.5 x 55mm Cannulated Cancellous Shank,C,1751200,,3418,NUVAS,1751351,Screw/Shank,NV14189,333,Finish Process,30,30,DMR,RFOLK,12/10/2020 0:00,Rework,12/10/2020 0:00,12/10/2020 0:00,8/19/2020 0:00,NV14189,340,RFOLK,12/10/2020 0:00,Post Machining Ops,BGARCIA,30,9/21/2020 0:00,Other,,0,30,0,0,NuVasive
3446,12/14/2020 0:00,Closed,18000-03-35-14,3.5 x 14mm Screw Shank,A,18000-03-XX-XX,,3458,ALPHA,18000-03-XX-XX,Shank,AL0698,336,Set-up / Settings,63,63,DMR,RFOLK,12/14/2020 0:00,Rework,1/6/2021 0:00,1/29/2021 0:00,12/14/2020 0:00,,310,MHANLON,1/18/2021 0:00,Post Machining Ops,MDIECKMAN,63,1/15/2021 0:00,Surface Finish,,0,63,,,Alphatec Spine
3474,1/20/2021 0:00,Closed,K2-01-1032-10,6.5 x 70mm Denali Screw Assembly,6,K2-01-1032-01,3353-17-1,3353,K2M,K2-01-1022-01,Assembly,MPJD,310,Fail to Follow Procd,26,26,DMR,RFOLK,2/11/2021 0:00,Rework,2/11/2021 0:00,2/17/2021 0:00,1/20/2021 0:00,,310,RFOLK,2/11/2021 0:00,Swiss - Cell B,MDIECKMAN,26,2/20/2021 0:00,Dimensional,,,26,,,"K2M, Inc."
3493,1/27/2021 0:00,Verification,PINV0064,Prophecy Invision Guide Shim,B,PINV0064,1/1/3552,3552,WRIGHT,PINV0064,Other,1/1/3552,311,Set-up / Settings,73,49,DMR,BGARCIA,1/27/2021 0:00,Rework,2/11/2021 0:00,,1/27/2021 0:00,1/1/3552,340,,,Milling - Cell A,BGARCIA,73,3/1/2021 0:00,Dimensional,,0,49,0,0,
3500,2/4/2021 0:00,Completed,1642661,Reline Poly Load Ring,C,1642661,,,NUVAS,,Load Ring,NV14810,310,Tooling,1100,1100,DMR,MDIECKMAN,2/4/2021 0:00,Rework,3/3/2021 0:00,,2/4/2021 0:00,,310,JTHOMAS,2/10/2021 0:00,Swiss - Cell D,MDIECKMAN,1100,2/4/2021 0:00,Burrs,,0,1100,,,NuVasive
3291,7/7/2020 0:00,Closed,DRW-01889-02,"Assembled, Distal Humerus Plate, Lateral Helical, ",RAA,DRW-01889-00,2/1/3182,3182,SKEL,DRW-01888-02,Plate,SD0858,311,Set-up / Settings,39,39,DMR,RFOLK,7/15/2020 0:00,Rework,8/28/2020 0:00,10/16/2020 0:00,7/7/2020 0:00,R3182-02-1,341,RFOLK,10/16/2020 0:00,Milling - Cell A,BGARCIA,13,8/7/2020 0:00,Dimensional,3281,0,39,0,0,"Skeletal Dynamics, LLC"
3312,7/29/2020 0:00,Closed,DRW-00702-02,Distal Radius Plate Wide 4H Left,RAS,DRW-00702-00,,3357,SKEL,DRW-00702-02,Plate,SD1207,311,Finish Process,69,69,DMR,BGARCIA,12/8/2020 0:00,Rework,10/16/2020 0:00,12/9/2020 0:00,7/29/2020 0:00,SD1207,340,RFOLK,12/9/2020 0:00,Milling - Cell A,BGARCIA,69,8/31/2020 0:00,Surface Finish,,0,69,0,0,"Skeletal Dynamics, LLC"
3315,8/3/2020 0:00,Closed,K2-01-1027-03,6.5 x 35mm Denali Screw,3,K2-01-1027-01,,N/A,K2M,K2-01-1027-01,Screw,KM0016,333,Fail to Follow Procd,106,106,DMR,RFOLK,8/26/2020 0:00,Rework,8/26/2020 0:00,12/9/2020 0:00,8/3/2020 0:00,KM0016,333,RFOLK,12/9/2020 0:00,Post Machining Ops,MDIECKMAN,106,9/3/2020 0:00,Color Incorrect,,,106,,,"K2M, Inc."
3317,8/3/2020 0:00,Closed,8785113,"3.5 x 13mm  ACP Hybrid Screw, Variable S.D.",C,87851XX,1/1/3432,3432,NUVAS,87851XX,Shank,1/1/3432,310,Offset,273,273,DMR,RFOLK,8/3/2020 0:00,Scrap,8/3/2020 0:00,12/8/2020 0:00,8/26/2020 0:00,,310,RFOLK,12/8/2020 0:00,Swiss - Cell A,MDIECKMAN,273,9/4/2020 0:00,Dimensional,,273,,,,
3333,8/10/2020 0:00,Closed,DRW-01911-01,"Assembled, Distal Humerus Plate, Supracondylar, 14",RAB,DRW-01911-00,1/1/3169,3169,SKEL,DRW-01809-01,Plate,SD0845,311,Offset,8,8,DMR,RFOLK,8/10/2020 0:00,Rework,10/16/2020 0:00,12/8/2020 0:00,8/10/2020 0:00,R3169-01-1,340,BGARCIA,12/8/2020 0:00,Milling - Cell A,BGARCIA,8,9/10/2020 0:00,Dimensional,,0,8,0,0,"Skeletal Dynamics, LLC"
3350,8/20/2020 0:00,Closed,AP1-634016,"4.0mm x16mm Fixed Angle Screw, Self-Drilling",A,AP1-634012_22,12/1/3390,3390,SEASPINE,AP1-634012_22,Shank,12/1/3390,334,Set-up / Settings,260,260,DMR,RFOLK,8/20/2020 0:00,Rework,8/20/2020 0:00,12/9/2020 0:00,8/20/2020 0:00,12/1/3390,334,RFOLK,12/9/2020 0:00,Post Machining Ops,MDIECKMAN,260,9/21/2020 0:00,Laser Mark Incorrect,,0,260,0,0,SeaSpine
3352,8/21/2020 0:00,Closed,P20-535-026S,3.5 x 26mm MINI-MONSTER Cannulated Short Thread Sc,B,P20-535-XXXX,3291-20-1,3291,PARAGON,P20-535-XXXX,Shank,3291-20-1,333,Fail to Follow Procd,66,66,DMR,RFOLK,8/21/2020 0:00,Rework,8/28/2020 0:00,12/9/2020 0:00,8/21/2020 0:00,,333,RFOLK,12/9/2020 0:00,Post Machining Ops,MDIECKMAN,66,9/21/2020 0:00,Color Incorrect,,,66,,,
3353,8/21/2020 0:00,Closed,DRW-01087-02,"Proximal Ulna Plate, 151mm, Left",RAL,DRW-01087-00,,3359,SKEL,DRW-01087-00,Plate,SD1218,311,Offset,6,6,DMR,BGARCIA,8/21/2020 0:00,Rework,10/12/2020 0:00,12/9/2020 0:00,8/21/2020 0:00,SD1218,311,RFOLK,12/9/2020 0:00,Milling - Cell A,MDIECKMAN,6,9/21/2020 0:00,Dimensional,,0,6,0,0,"Skeletal Dynamics, LLC"
3458,1/5/2021 0:00,Closed,PINV0064,Prophecy Invision Guide Shim,B,PINV0064,1/1/3551,3551,WRIGHT,PINV0064,Other,1/1/3551,311,Set-up / Settings,27,14,DMR,BGARCIA,1/5/2021 0:00,Scrap,1/5/2021 0:00,1/25/2021 0:00,1/5/2021 0:00,,341,RMCLLWAIN,1/25/2021 0:00,Milling - Cell A,BGARCIA,27,2/5/2021 0:00,Dimensional,,14,0,0,0,
3488,1/27/2021 0:00,Closed,1965045,5.5 x 50mm Polyaxial Reline-One Shank,A,1965XXX,,,NUVAS,1965XXX,Shank,NV14708,336,Tooling,192,192,DMR,RFOLK,1/27/2021 0:00,Rework,1/28/2021 0:00,2/24/2021 0:00,1/27/2021 0:00,,336,MHANLON,2/2/2021 0:00,Post Machining Ops,MDIECKMAN,192,2/27/2021 0:00,Other,,0,192,,,NuVasive
3354,8/24/2020 0:00,Closed,P20-135-024S,"3.5 x 24mm, MINI-MONSTER Cann, Short Thread Screw,",C,P20-135-XXXX,6/1/3297,3297,PARAGON,P20-135-XXXX,Shank,6/1/3297,333,Finish Process,121,121,DMR,RFOLK,8/24/2020 0:00,Rework,10/12/2020 0:00,12/9/2020 0:00,8/24/2020 0:00,6/1/3297,333,RFOLK,12/9/2020 0:00,Post Machining Ops,MDIECKMAN,121,9/24/2020 0:00,Color Incorrect,,,121,,,
3355,8/31/2020 0:00,Closed,AP1-624014,"4.0mm x 14mm Fixed Angle Screw, Self-Tapping",A,AP1-624010_22,3/1/3390,3390,SEASPINE,AP1-624010_22,Shank,JP0025A,334,Procedure,185,185,DMR,RFOLK,8/31/2020 0:00,Rework,9/18/2020 0:00,10/16/2020 0:00,8/31/2020 0:00,R3390-03-1,334,RFOLK,8/31/2020 0:00,Post Machining Ops,MDIECKMAN,185,10/1/2020 0:00,Laser Mark Incorrect,,,185,,,SeaSpine
3432,12/14/2020 0:00,Closed,15022-01-02,Extended Tab,B,15022-01-02,,3531,ALPHA,15022-01-02,Tower,AL0757,310,Offset,275,275,DMR,BGARCIA,12/21/2020 0:00,Use As Is- Deviation,2/22/2021 0:00,2/22/2021 0:00,12/21/2020 0:00,,311,BGARCIA,12/21/2020 0:00,Swiss - Cell C,BGARCIA,51,1/21/2021 0:00,Dimensional,,0,0,0,275,Alphatec Spine
3362,9/9/2020 0:00,Closed,P-05-126-00001-1,Nexgen TIBL Augment Screw,0D,P-05-126-00001-1,1/2/3395,3395,ZIMMER,P-05-126-00001-1,Screw,1/2/3395,310,Offset,525,525,DMR,RFOLK,9/9/2020 0:00,Rework,9/21/2020 0:00,12/9/2020 0:00,9/9/2020 0:00,R3416-02-1,310,RFOLK,12/9/2020 0:00,Swiss - Cell D,MDIECKMAN,525,10/9/2020 0:00,Dimensional,,0,525,,,Zimmer TMT
3366,9/10/2020 0:00,Closed,18008215,"ACP Screw, 3.5x15mm Self-Drill Fixed",A,180082XX,R3413-06-1,3413,NUVAS,180082XX,Shank,R3413-06-1,310,Fail to Follow Procd,750,750,DMR,RFOLK,9/10/2020 0:00,Rework,9/18/2020 0:00,12/9/2020 0:00,9/10/2020 0:00,R3413-06-1,310,RFOLK,12/9/2020 0:00,Swiss - Cell A,MDIECKMAN,750,10/12/2020 0:00,Dimensional,,,750,,,
3367,9/11/2020 0:00,Closed,DRW-00781-01,Distal Radius Plate Narrow 4H Right,RAS,DRW-00781-00,,3357,SKEL,DRW-00781-01,Plate,SD1103,311,Finish Process,115,115,DMR,BGARCIA,12/8/2020 0:00,Rework,12/8/2020 0:00,12/9/2020 0:00,9/11/2020 0:00,SD1103,340,RFOLK,12/9/2020 0:00,Milling - Cell A,BGARCIA,13,10/12/2020 0:00,Tools Marks / Chatte,,0,115,0,0,"Skeletal Dynamics, LLC"
3371,9/18/2020 0:00,Closed,13600000,6.0mm Reline Open Tulip Lock Screw,A,13600000,1/1/3284,3284,NUVAS,13600000,Screw,1/1/3284,310,Procedure,47,47,DMR,RFOLK,9/18/2020 0:00,Scrap,9/18/2020 0:00,12/9/2020 0:00,9/18/2020 0:00,,310,RFOLK,12/9/2020 0:00,Swiss - Cell D,MDIECKMAN,47,10/18/2020 0:00,Other,,47,0,0,0,NuVasive
3397,10/28/2020 0:00,Closed,1642646,Reline Breakoff Extension,E,1642646,,NV-2Q20,NUVAS,1642646,Extension,NV14118,310,Guidebushing,10,10,DMR,RFOLK,10/28/2020 0:00,Rework,10/29/2020 0:00,12/9/2020 0:00,10/28/2020 0:00,,310,RFOLK,12/9/2020 0:00,Swiss - Cell C,MDIECKMAN,10,11/28/2020 0:00,Tools Marks / Chatte,,,10,,,NuVasive
3425,11/30/2020 0:00,Closed,DRW-00699-02,Distal Radius Plate Narrow 3H Left,RAV,DRW-00699-00,,3357,SKEL,DRW-00699-00,Plate,SD1123,311,Finish Process,166,166,DMR,BGARCIA,11/30/2020 0:00,Rework,12/9/2020 0:00,1/25/2021 0:00,11/30/2020 0:00,SD1123,340,RMCLLWAIN,1/25/2021 0:00,Milling - Cell A,BGARCIA,166,12/30/2020 0:00,Thread NC,,0,166,0,0,"Skeletal Dynamics, LLC"
3426,12/2/2020 0:00,Closed,300-012291-00,"Base, Sleeve, ADM, IPL",2,300-012291-00,6/4/3560,3560,SONORA,300-012291-00,Other,6/4/3560,311,Offset,30,2,DMR,BGARCIA,12/2/2020 0:00,Rework,12/2/2020 0:00,12/8/2020 0:00,12/2/2020 0:00,6/4/3560,340,BGARCIA,12/8/2020 0:00,Milling Production,BGARCIA,30,2/2/2021 0:00,Dimensional,,0,2,0,0,ARCH Medical Solutions - Sonora
3430,12/7/2020 0:00,Completed,231201230,2.0mm AO. Cannulated Hex Driver,D,133210000,2/1/3438,3438,BIOMET,133210000,Driver,2/1/3438,310,Set-up / Settings,271,119,DMR,RFOLK,12/7/2020 0:00,Rework,1/6/2021 0:00,,12/7/2020 0:00,2/1/3438,310,VTKACHUK,2/25/2021 0:00,Swiss - Cell B,MDIECKMAN,271,1/7/2021 0:00,Tools Marks / Chatte,,0,119,0,0,Biomet
3431,12/7/2020 0:00,Disposition,1642646,Reline Breakoff Extension,E,1642646,,N/A,NUVAS,1642646,Extension,NV14696,310,Offset,21,21,DMR,RFOLK,12/7/2020 0:00,,,,12/7/2020 0:00,,310,LSAI,2/12/2021 0:00,Swiss - Cell C,MDIECKMAN,21,1/7/2021 0:00,Diameter,,,,,,NuVasive
3448,12/21/2020 0:00,Closed,15022-01-02,Extended Tab,B,15022-01-02,,3446,ALPHA,15022-01-02,Tower,AL0679,310,Offset,275,275,DMR,BGARCIA,12/21/2020 0:00,Use As Is- Deviation,2/22/2021 0:00,2/22/2021 0:00,12/21/2020 0:00,,311,BGARCIA,12/21/2020 0:00,Swiss - Cell C,BGARCIA,99,1/21/2021 0:00,Dimensional,,0,0,0,275,Alphatec Spine
3457,1/4/2021 0:00,Closed,PINV0064,Prophecy Invision Guide Shim,B,PINV0064,1/1/3552,3552,WRIGHT,PINV0064,Other,1/1/3552,311,Offset,77,77,DMR,BGARCIA,1/4/2021 0:00,Rework,1/6/2021 0:00,1/25/2021 0:00,1/4/2021 0:00,1/1/3552,340,RMCLLWAIN,1/25/2021 0:00,Milling - Cell A,BGARCIA,77,2/4/2021 0:00,Dimensional,,0,77,0,0,
3460,1/8/2021 0:00,Completed,231201240,"2.5mm AO, Cannulated Hex Driver",D,133210000,,,ZIMMER,,Driver,1/2/3436,310,Set-up / Settings,81,81,DMR,MDIECKMAN,1/11/2021 0:00,Rework,1/15/2021 0:00,,1/8/2021 0:00,,310,VTKACHUK,2/25/2021 0:00,Swiss - Cell B,MDIECKMAN,81,,Tools Marks / Chatte,,0,81,0,0,Zimmer TMT
3485,1/26/2021 0:00,Closed,1965082,6.5 x 45mm Polyaxial Reline-One Shank,A,1965XXX,,,NUVAS,1965XXX,Shank,NV14714,310,Fail to Follow Procd,264,264,DMR,RFOLK,1/26/2021 0:00,Rework,1/28/2021 0:00,2/24/2021 0:00,1/26/2021 0:00,,310,MDIECKMAN,1/26/2021 0:00,Swiss - Cell C,MDIECKMAN,264,2/26/2021 0:00,Burrs,,0,264,,,NuVasive
3536,2/24/2021 0:00,Completed,1642658,Reline Reduction Tulip and Extension,G,1642658,,,NUVAS,,Extension,NV15384,310,Set-up / Settings,26,9,DMR,MDIECKMAN,2/24/2021 0:00,Rework,3/3/2021 0:00,,2/24/2021 0:00,,310,LSAI,2/24/2021 0:00,Swiss - Cell C,MDIECKMAN,26,,Tools Marks / Chatte,,0,9,,,NuVasive
3550,2/25/2021 0:00,Investigation,ET1-302808-12,"28 x 8mm End Plate, 0 Degree",B,ET1-30XXXX-12,,3619,SEASPINE,ET1-30XXXX-12,Other,SS0135,311,Offset,128,128,DMR,BGARCIA,,Rework,,,2/25/2021 0:00,SS0135,340,,,Milling - Cell A,BGARCIA,128,3/25/2021 0:00,Dimensional,,0,128,0,0,SeaSpine
3543,2/25/2021 0:00,Verification,DRW-00703-01,Asm Distal Radius Plate Standard 4H Right,RAO,DRW-00703-00,4/2/3323,3323,SKEL,DRW-00683-00,Plate,SD1039,311,Offset,8,4,DMR,BGARCIA,2/25/2021 0:00,Scrap,2/25/2021 0:00,,2/25/2021 0:00,,341,,,Milling - Cell A,BGARCIA,8,3/25/2021 0:00,Dimensional,,4,0,0,0,"Skeletal Dynamics, LLC"
3563,3/9/2021 0:00,Verification,ET1-302808-10,"28 x 8mm Proximal Body, 0 Degree",B,ET1-30XXXX-10,,3606,SEASPINE,ET1-30XXXX-10,Other,SS0136,311,Set-up / Settings,25,15,DMR,BGARCIA,3/9/2021 0:00,Scrap,3/9/2021 0:00,,3/9/2021 0:00,,340,,,Milling - Cell A,BGARCIA,25,4/9/2021 0:00,Dimensional,,15,0,0,0,SeaSpine
3594,3/23/2021 0:00,Disposition,8448510,"8.5 x 100mm Open Iliac Screw Assembly, Ti",K,844XXXX,003670-18-1,,NUVAS,,Assembly,,310,Finish Process,27,15,DMR,MDIECKMAN,3/23/2021 0:00,Rework,,,3/23/2021 0:00,,310,,,Swiss - Cell B,MDIECKMAN,27,3/23/2021 0:00,Scratches,,0,15,,,
3357,8/31/2020 0:00,Closed,DRW-00781-01,Distal Radius Plate Narrow 4H Right,RAS,DRW-00781-00,,3322,SKEL,DRW-00781-01,Plate,SD1042,336,Finish Process,264,264,DMR,BGARCIA,12/8/2020 0:00,Rework,10/16/2020 0:00,12/9/2020 0:00,8/31/2020 0:00,SD1042,340,RFOLK,12/9/2020 0:00,Milling - Cell A,BGARCIA,264,10/1/2020 0:00,Burrs,,0,264,0,0,"Skeletal Dynamics, LLC"
3372,9/21/2020 0:00,Closed,18000-04-55-22,5.5 x 22mm Screw Shank,A,18000-04-XX-XX,,3446,ALPHA,18000-04-XX-XX,Shank,AL0569,310,Guidebushing,220,220,DMR,RFOLK,9/21/2020 0:00,Rework,10/12/2020 0:00,12/9/2020 0:00,9/21/2020 0:00,AL0659,310,RFOLK,12/9/2020 0:00,Swiss - Cell C,MDIECKMAN,220,10/21/2020 0:00,Tools Marks / Chatte,,0,220,,,Alphatec Spine
3320,9/29/2020 0:00,Closed,18000-55-45,"5.5 x 45mm Invictus OCT, Polyaxial Screw",B,18000-XX-XX,3372-52-1,3372,ALPHA,1800-04-55-XX,Screw/Shank,AL0579,310,Set-up / Settings,34,34,DMR,RFOLK,9/29/2020 0:00,Rework,9/29/2020 0:00,12/9/2020 0:00,9/29/2020 0:00,,310,MDIECKMAN,9/29/2020 0:00,Swiss - Cell C,MDIECKMAN,34,10/29/2020 0:00,Dimensional,,0,34,,,Alphatec Spine
3321,9/29/2020 0:00,Closed,18000-55-20,"5.5 x 20mm Invictus OCT, Polyaxial Screw",B,18000-XX-XX,3372-44-1,3372,ALPHA,1800-04-55-XX,Screw/Shank,AL0568,310,Set-up / Settings,58,58,DMR,RFOLK,9/29/2020 0:00,Rework,9/29/2020 0:00,12/9/2020 0:00,9/29/2020 0:00,,310,MDIECKMAN,9/29/2020 0:00,Swiss - Cell C,MDIECKMAN,58,10/29/2020 0:00,Dimensional,,,58,,,Alphatec Spine
3382,10/1/2020 0:00,Closed,DRW-00717-01,2.0mm Preloaded Drill Guide Magenta,RAJ,DRW-00717-00,,3357,SKEL,DRW-00717-00,Screw,SD1139,333,Handling,126,126,DMR,RFOLK,10/6/2020 0:00,Rework,12/8/2020 0:00,12/9/2020 0:00,10/1/2020 0:00,RSD1139-A,333,RFOLK,12/9/2020 0:00,Post Machining Ops,MDIECKMAN,126,11/1/2020 0:00,Scratches,,0,126,,,"Skeletal Dynamics, LLC"
3383,10/2/2020 0:00,Closed,1906426,4.0 x 12mm Reline Cervical Polyaxial Screw Shank,A,1906XXX,,N/A,NUVAS,1906XXX,Shank,NV14299,310,Offset,40,40,DMR,RFOLK,10/2/2020 0:00,Scrap,10/2/2020 0:00,12/9/2020 0:00,10/2/2020 0:00,,310,RFOLK,12/9/2020 0:00,Swiss - Cell A,MDIECKMAN,40,11/2/2020 0:00,Diameter,,40,,,,NuVasive
3384,10/2/2020 0:00,Closed,5-120932-1,"9x32x12mm, Zeus-O, Ollif Cage",B.03,5-HHWWLL-1,,3525,SPINALE,5-HHWWLL-1,PEEK,SE0102,311,Offset,28,4,DMR,BGARCIA,12/8/2020 0:00,Rework,12/8/2020 0:00,12/9/2020 0:00,10/2/2020 0:00,SE0102,340,RFOLK,12/9/2020 0:00,Milling - Cell A,BGARCIA,28,11/2/2020 0:00,Dimensional,,0,4,0,0,Spinal Elements
3386,10/26/2020 0:00,Disposition,RP1-002214,"14mm, 1 Hole Plate Locking Cover",A,RP1-0022AA,4/1/3402,3402,SEASPINE,RP1-0022AA,Shank,JP0024A,341,Procedure,28,28,DMR,RFOLK,10/26/2020 0:00,Rework,,,10/26/2020 0:00,,341,RFOLK,12/10/2020 0:00,Quality Assurance,MDIECKMAN,28,11/26/2020 0:00,Dimensional,,0,28,,,SeaSpine
3435,12/9/2020 0:00,Verification,DRW-00948-02,"Assembled, Proximal Ulna Plate, 3 Hole, Left",RAC,DRW-00948-00,1/1/3340,3340,SKEL,DRW-00924-00,Plate,SD1059,311,Offset,44,44,DMR,RFOLK,12/9/2020 0:00,Rework,1/28/2021 0:00,,12/9/2020 0:00,1/4/3340,341,,,Milling - Cell A,BGARCIA,44,1/11/2021 0:00,Dimensional,,0,18,0,26,"Skeletal Dynamics, LLC"
3436,12/9/2020 0:00,Closed,DRW-00948-02,"Assembled, Proximal Ulna Plate, 3 Hole, Left",RAC,DRW-00948-00,1/2/3340,3340,SKEL,DRW-00924-00,Plate,SD1034,311,Handling,4,4,DMR,RFOLK,12/9/2020 0:00,Rework,1/6/2021 0:00,1/25/2021 0:00,12/9/2020 0:00,1/3/3340,341,RMCLLWAIN,1/25/2021 0:00,Milling - Cell A,BGARCIA,4,1/9/2021 0:00,Burrs,,0,4,0,0,"Skeletal Dynamics, LLC"
3301,7/14/2020 0:00,Closed,13600000,6.0mm Reline Open Tulip Lock Screw,A,13600000,,3284,NUVAS,13600000,Screw/Shank,R3284-01-1-A,333,Tooling,48,48,DMR,RFOLK,7/14/2020 0:00,Scrap,7/14/2020 0:00,12/8/2020 0:00,7/14/2020 0:00,,333,RFOLK,12/8/2020 0:00,Post Machining Ops,MDIECKMAN,48,8/14/2020 0:00,Color Incorrect,,48,,,,NuVasive
3313,7/30/2020 0:00,Closed,8826545006,6.5 x 45mm Precept Reduction Screw,J,882XXXX,3384-52-1,3384,NUVAS,1553267,Assembly,NV14051,380,Finish Process,8,8,DMR,RFOLK,7/30/2020 0:00,Rework,8/18/2020 0:00,12/8/2020 0:00,7/30/2020 0:00,R3384-52-1-A,380,RFOLK,12/8/2020 0:00,Post Machining Ops,MDIECKMAN,8,8/31/2020 0:00,Surface Finish,,0,8,0,0,
3398,10/29/2020 0:00,Closed,231201225,"1.5mm AO, Cannulated Hex Driver",D,133210000,,3435,BIOMET,133210000,Driver,1/1/3435,332,Handling,243,243,DMR,RFOLK,10/29/2020 0:00,Rework,11/20/2020 0:00,12/9/2020 0:00,10/29/2020 0:00,,332,RFOLK,12/9/2020 0:00,Post Machining Ops,MDIECKMAN,243,11/29/2020 0:00,Other,,0,243,0,0,Biomet
3400,10/30/2020 0:00,Closed,4508-41F16," 1 Level, Size 16 Lateral Plate",1,K2-45-1000-01,1/1/3459,3459,K2M,K2-45-1000-01,Plate,1/1/3459,334,Set-up / Settings,52,52,DMR,RFOLK,12/8/2020 0:00,Rework,12/8/2020 0:00,12/9/2020 0:00,10/30/2020 0:00,1/1/3459,340,RFOLK,12/9/2020 0:00,Milling - Cell B,MDIECKMAN,52,11/30/2020 0:00,Laser Mark Incorrect,,0,52,0,,
3405,11/4/2020 0:00,Closed,DRW-00769-02,"Distal Radius Plate Standard 7 Hole, Left",RAQ,DRW-00769-00,,3357,SKEL,DRW-00769-00,Plate,SD1199,311,Finish Process,41,41,DMR,BGARCIA,1/27/2021 0:00,Rework,11/20/2020 0:00,1/27/2021 0:00,11/4/2020 0:00,SD1199,340,RMCLLWAIN,1/25/2021 0:00,Milling - Cell A,BGARCIA,41,12/4/2020 0:00,Thread NC,,0,41,0,0,"Skeletal Dynamics, LLC"
3412,11/12/2020 0:00,Closed,15022-01-02,Extended Tab,B,15022-01-02,,3446,ALPHA,15022-01-02,Tower,AL0678,310,Offset,275,275,DMR,BGARCIA,12/21/2020 0:00,Scrap,12/21/2020 0:00,1/13/2021 0:00,12/15/2020 0:00,,311,BGARCIA,12/21/2020 0:00,Swiss - Cell C,BGARCIA,20,12/14/2020 0:00,Dimensional,3407,275,0,0,0,Alphatec Spine
3289,6/29/2020 0:00,Closed,124_000_02,M6 x 0.75 Set Screw,F,124_000_02,,3378,GLOBU,124_000_02,Other,GL0022,310,Fail to Follow Procd,1346,1346,DMR,RFOLK,6/29/2020 0:00,Rework,7/16/2020 0:00,12/8/2020 0:00,6/29/2020 0:00,GL0022,310,RFOLK,12/8/2020 0:00,Swiss - Cell D,MDIECKMAN,1346,7/29/2020 0:00,Burrs,,0,1346,0,0,Globus Medical
3300,7/13/2020 0:00,Closed,P53-103-R052,"Gorilla, Plate, MTP, Medium, 5-deg, Right",C,P53-103-R052,11/1/3198,3198,PARAGON,P53-103-R052,Plate,11/1/3198,333,Finish Process,5,5,DMR,RFOLK,12/8/2020 0:00,Scrap,7/13/2020 0:00,12/9/2020 0:00,7/13/2020 0:00,,340,RFOLK,12/9/2020 0:00,Milling - Cell B,MDIECKMAN,5,8/13/2020 0:00,Color Incorrect,,5,,,,
3385,10/6/2020 0:00,Closed,DRW-00764-01,Distal Radius Plate Standard 3H Right,RAS,DRW-00764-00,,3357,SKEL,DRW-00764-00,Plate,SD1158,311,Finish Process,136,136,DMR,BGARCIA,12/8/2020 0:00,Rework,12/8/2020 0:00,12/9/2020 0:00,10/6/2020 0:00,SD1158,340,RFOLK,12/9/2020 0:00,Milling - Cell A,BGARCIA,136,11/6/2020 0:00,Thread NC,,0,136,0,0,"Skeletal Dynamics, LLC"
3391,10/21/2020 0:00,Closed,1906459,4.5 x 34mm Reline Cervical Polyaxial Screw Shank -,A,1906XXX,,,NUVAS,1906XXX,Shank,NV14334,313,Fail to Follow Procd,1,1,DMR,RFOLK,10/21/2020 0:00,Scrap,10/21/2020 0:00,12/9/2020 0:00,10/21/2020 0:00,,310,MDIECKMAN,10/21/2020 0:00,Swiss - Cell A,MDIECKMAN,1,11/21/2020 0:00,Other,,1,,,,NuVasive
3394,10/27/2020 0:00,Closed,P53-103-R151,"MTP Plate, Revision, 5 Deg, Small, Right",C,P53-103-R151,3313-24-1,3313,PARAGON,P53-103-R151,Plate,3313-24-1,311,Finish Process,36,18,DMR,BGARCIA,10/27/2020 0:00,Rework,10/29/2020 0:00,12/9/2020 0:00,10/27/2020 0:00,3313-24-1,340,RFOLK,12/9/2020 0:00,Milling - Cell B,BGARCIA,36,11/27/2020 0:00,Tools Marks / Chatte,,0,18,0,0,
3414,11/17/2020 0:00,Completed,231201225,"1.5mm AO, Cannulated Hex Driver",D,133210000,1/1/3438,3438,BIOMET,133210000,Driver,1/1/3438,336,Procedure,273,273,DMR,RFOLK,11/17/2020 0:00,Rework,11/20/2020 0:00,,11/17/2020 0:00,,332,MHANLON,1/4/2021 0:00,Post Machining Ops,MDIECKMAN,273,12/17/2020 0:00,Other,,0,273,,,Biomet
3421,11/19/2020 0:00,Closed,15022-01-02,Extended Tab,B,15022-01-02,,3446,ALPHA,15022-01-02,Tower,AL0682,310,Offset,275,217,DMR,BGARCIA,12/21/2020 0:00,Use As Is- Deviation,2/22/2021 0:00,2/22/2021 0:00,11/19/2020 0:00,,311,BGARCIA,12/21/2020 0:00,Swiss - Cell C,BGARCIA,275,12/21/2020 0:00,Dimensional,3407,0,0,0,217,Alphatec Spine
3422,11/23/2020 0:00,Completed,7786703,ACP Temporary Fixation Pin,A,7786703,1/2/3429,3429,NUVAS,7786703,Screw/Shank,1/2/3429,310,Offset,73,73,DMR,RFOLK,11/23/2020 0:00,Scrap,11/23/2020 0:00,,11/23/2020 0:00,,310,KMILLER,1/26/2021 0:00,Swiss - Cell A,MDIECKMAN,73,12/23/2020 0:00,Dimensional,,73,,,,
3423,11/24/2020 0:00,Completed,231201225,"1.5mm AO, Cannulated Hex Driver",D,133210000,1/1/3435,3435,BIOMET,133210000,Driver,1/1/3435,310,Guidebushing,18,18,DMR,RFOLK,11/24/2020 0:00,Scrap,11/24/2020 0:00,,11/24/2020 0:00,,310,VTKACHUK,11/24/2020 0:00,Swiss - Cell B,MDIECKMAN,18,12/24/2020 0:00,Dimensional,,18,,,,Biomet
3309,7/23/2020 0:00,Closed,DRW-00764-01,Distal Radius Plate Standard 3H Right,RAS,DRW-00764-00,,3254,SKEL,DRW-00764-01,Plate,SD0906,311,Finish Process,115,115,DMR,BGARCIA,12/8/2020 0:00,Rework,10/16/2020 0:00,12/9/2020 0:00,7/23/2020 0:00,SD0906,340,RFOLK,12/9/2020 0:00,Milling - Cell A,BGARCIA,115,8/24/2020 0:00,Surface Finish,,0,115,0,0,"Skeletal Dynamics, LLC"
3314,7/30/2020 0:00,Closed,DRW-01889-01,"Assembled, Distal Humerus Plate, Lateral Helical, ",RAA,DRW-01889-00,,3182,SKEL,DRW-01888-01,Plate,R3182-01-1,313,Finish Process,32,4,DMR,RFOLK,7/30/2020 0:00,Rework,10/16/2020 0:00,12/9/2020 0:00,7/30/2020 0:00,R3182-01-1-A,340,RFOLK,12/9/2020 0:00,Milling - Cell A,BGARCIA,32,8/31/2020 0:00,Other,,0,4,0,0,"Skeletal Dynamics, LLC"
3345,8/17/2020 0:00,Investigation,P53-103-R004,"MTP Plate,,0 Deg, Short-Short, Right,2 Hole Distal",B,P53-103-R004,10/1/3201,3201,PARAGON,P53-103-R004,Plate,10/1/3201,311,Offset,36,36,DMR,BGARCIA,12/8/2020 0:00,Rework,12/8/2020 0:00,,8/17/2020 0:00,10/1/3201,340,,,Milling - Cell B,BGARCIA,36,9/17/2020 0:00,Thread NC,,0,36,0,0,
3365,9/9/2020 0:00,Closed,P20-135-024S,"3.5 x 24mm, MINI-MONSTER Cann, Short Thread Screw,",C,P20-135-XXXX,6/1/3297,3297,PARAGON,P20-135-XXXX,Shank,6/1/3297,333,Set-up / Settings,121,85,DMR,RFOLK,9/9/2020 0:00,Rework,10/12/2020 0:00,12/9/2020 0:00,9/9/2020 0:00,6/1/3297,333,RFOLK,12/9/2020 0:00,Post Machining Ops,MDIECKMAN,121,10/9/2020 0:00,Color Incorrect,,0,85,,,
3368,9/11/2020 0:00,Closed,DRW-00764-01,Distal Radius Plate Standard 3H Right,RAS,DRW-00764-00,,3339,SKEL,DRW-00764-01,Plate,SD1050,331,Finish Process,152,152,DMR,RFOLK,12/8/2020 0:00,Rework,12/8/2020 0:00,12/9/2020 0:00,9/11/2020 0:00,SD1050,340,RFOLK,12/9/2020 0:00,Milling - Cell A,BGARCIA,13,10/11/2020 0:00,Thread NC,,0,152,0,0,"Skeletal Dynamics, LLC"
3378,9/25/2020 0:00,Closed,DRW-00683-02,Distal Radius Plate Standard 4H Left,RAV,DRW-00683-00,,3357,SKEL,DRW-00683-00,Plate,SD1181,336,Finish Process,96,96,DMR,BGARCIA,10/6/2020 0:00,Rework,12/8/2020 0:00,12/9/2020 0:00,9/25/2020 0:00,SD1181,340,RFOLK,12/9/2020 0:00,Milling - Cell A,BGARCIA,96,10/26/2020 0:00,Thread NC,,0,96,0,0,"Skeletal Dynamics, LLC"
3380,9/30/2020 0:00,Closed,104-2-17142410-1,"17Wx14Lx24Hmm 10 degree, Incorporate VBR Implant, ",B,104-X-1714HHV-1,,3363,SPINALE,104-X-1714HHV-1,PEEK,SE0086,311,Offset,26,6,DMR,BGARCIA,9/30/2020 0:00,Rework,12/8/2020 0:00,12/9/2020 0:00,9/30/2020 0:00,SE0086,340,RFOLK,12/9/2020 0:00,Milling - Cell A,BGARCIA,26,10/30/2020 0:00,Dimensional,,0,6,0,0,Spinal Elements
3381,9/30/2020 0:00,Closed,1906706,3.5 x 30mm Reline C Partially Threaded Shank,A,1906700,,N/A,NUVAS,1906700,Shank,NV14353,333,Set-up / Settings,88,88,DMR,RFOLK,9/30/2020 0:00,Rework,10/12/2020 0:00,12/9/2020 0:00,9/30/2020 0:00,NV14353,333,RFOLK,12/9/2020 0:00,Post Machining Ops,MDIECKMAN,88,10/30/2020 0:00,Other,,,88,,,NuVasive
3338,8/14/2020 0:00,Disposition,8785115,"3.5 x 15mm  ACP Hybrid Screw, Variable S.D.",C,87851XX,2/1/3432,3432,NUVAS,8785115,Screw/Shank,2/1/3432,310,Set-up / Settings,275,275,DMR,BGARCIA,,Rework,,,8/14/2020 0:00,,340,,,Swiss - Cell A,BGARCIA,275,9/14/2020 0:00,Tools Marks / Chatte,,0,275,0,0,
3342,8/17/2020 0:00,Closed,8785317,"3.5 x 17mm ACP Hybrid Screw, S.T. Variable",C,87853XX,6/2/3432,3432,NUVAS,87853XX,Screw,6/2/3432,310,Fail to Follow Procd,21,21,DMR,RFOLK,8/17/2020 0:00,Rework,12/10/2020 0:00,12/10/2020 0:00,8/17/2020 0:00,6/2/3432,310,RFOLK,12/10/2020 0:00,Swiss - Cell A,MDIECKMAN,21,9/18/2020 0:00,Burrs,,,21,,,
3356,8/25/2020 0:00,Closed,DRW-01893-01,"Assembled, Distal Humerus Plate, Lateral Helical, ",RAC,DRW-01893-00,,3106,SKEL,DRW-01892-01,Plate,R3106-01-1,333,Finish Process,16,6,DMR,RFOLK,8/25/2020 0:00,Rework,10/16/2020 0:00,12/9/2020 0:00,8/25/2020 0:00,R3106-01-1,340,RFOLK,12/9/2020 0:00,Milling - Cell A,BGARCIA,16,9/25/2020 0:00,Other,,0,6,0,0,"Skeletal Dynamics, LLC"
3373,9/23/2020 0:00,Closed,18008413,3.5 x 13mm ACP Screw Fixed Self-Tap,A,180084XX,,3413,NUVAS,180084XX,Shank,JP22206,310,Set-up / Settings,734,734,DMR,RFOLK,12/10/2020 0:00,Scrap,9/23/2020 0:00,12/10/2020 0:00,9/23/2020 0:00,,310,MDIECKMAN,9/23/2020 0:00,Swiss - Cell A,MDIECKMAN,734,10/23/2020 0:00,Other,,734,,,,NuVasive
3486,1/26/2021 0:00,Closed,7786703,ACP Temporary Fixation Pin,A,7786703,1/2/3546,3546,NUVAS,7786703,Shank,1/2/3546,332,Set-up / Settings,150,150,DMR,RFOLK,1/26/2021 0:00,Rework,1/28/2021 0:00,2/24/2021 0:00,1/26/2021 0:00,,310,MHANLON,2/2/2021 0:00,Post Machining Ops,MDIECKMAN,150,2/26/2021 0:00,Other,,0,150,,,
3407,11/5/2020 0:00,Closed,15022-01-02,Extended Tab,B,15022-01-02,,3446,ALPHA,15022-01-02,Tower,AL0681,310,Offset,275,185,DMR,BGARCIA,12/21/2020 0:00,Use As Is- Deviation,2/22/2021 0:00,2/22/2021 0:00,11/5/2020 0:00,,311,BGARCIA,12/21/2020 0:00,Swiss - Cell C,BGARCIA,275,12/7/2020 0:00,Dimensional,,0,0,0,185,Alphatec Spine
3411,11/12/2020 0:00,Closed,15022-01-02,Extended Tab,B,15022-01-02,,3531,ALPHA,15022-01-02,Tower,AL0758,310,Offset,275,241,DMR,BGARCIA,12/18/2020 0:00,Use As Is- Deviation,2/22/2021 0:00,2/22/2021 0:00,11/12/2020 0:00,,311,BGARCIA,12/21/2020 0:00,Swiss - Cell C,BGARCIA,275,12/14/2020 0:00,Dimensional,3407,0,0,0,241,Alphatec Spine
3415,11/19/2020 0:00,Closed,ET1-302810,"9x28x10-14mm PROTEUS INTERBODY,  0 DEG",A,ET1-30XXXX,9/1/3244,3244,SEASPINE,ET1-302810,Assembly,9/1/3244,335,Fail to Follow Procd,1,1,DMR,RFOLK,12/10/2020 0:00,Rework,12/8/2020 0:00,12/10/2020 0:00,11/19/2020 0:00,9/2/3244,341,RFOLK,12/10/2020 0:00,Post Machining Ops,BGARCIA,1,12/18/2020 0:00,Other,,0,1,0,0,SeaSpine
3424,11/30/2020 0:00,Closed,DRW-00781-01,Distal Radius Plate Narrow 4H Right,RAS,DRW-00781-00,,3357,SKEL,DRW-00781-00,Plate,SD1104,311,Finish Process,104,104,DMR,BGARCIA,11/30/2020 0:00,Rework,12/9/2020 0:00,1/25/2021 0:00,11/30/2020 0:00,SD1104,340,RMCLLWAIN,1/25/2021 0:00,Milling - Cell A,BGARCIA,104,12/30/2020 0:00,Dimensional,,0,104,0,0,"Skeletal Dynamics, LLC"
3516,2/8/2021 0:00,Verification,1642658,Reline Reduction Tulip and Extension,G,1642658,,,NUVAS,,Assembly,NV14402,335,Handling,42,42,DMR,MDIECKMAN,2/8/2021 0:00,Rework,2/11/2021 0:00,,2/8/2021 0:00,,380,,,Vendor,MDIECKMAN,42,2/8/2021 0:00,Scratches,,0,42,,,NuVasive
3537,2/24/2021 0:00,Completed,15022-01,"Screw Body, Extended Tab, Top Loading",C,15022-01,,,ALPHA,,Tulip,AL0999,331,Set-up / Settings,264,264,DMR,MDIECKMAN,2/24/2021 0:00,Rework,3/3/2021 0:00,,2/24/2021 0:00,,331,MHANLON,3/19/2021 0:00,Post Machining Ops,MDIECKMAN,264,,Scratches,,0,264,,,Alphatec Spine
3541,2/25/2021 0:00,Disposition,231201230,2.0mm AO. Cannulated Hex Driver,D,133210000,,,ZIMMER,,Driver,2/1/3438,310,Handling,275,232,DMR,MDIECKMAN,2/25/2021 0:00,Rework,,,2/25/2021 0:00,,310,VTKACHUK,2/25/2021 0:00,Swiss - Cell B,MDIECKMAN,275,,Scratches,,0,232,,,Zimmer TMT
3546,2/25/2021 0:00,Verification,DRW-00703-01,Asm Distal Radius Plate Standard 4H Right,RAO,DRW-00703-00,10/1/3323,3323,SKEL,DRW-00683-00,Plate,SD0945,311,Offset,21,21,DMR,BGARCIA,2/25/2021 0:00,Rework,3/4/2021 0:00,,2/25/2021 0:00,,341,,,Milling - Cell A,BGARCIA,6,3/25/2021 0:00,Dimensional,,0,21,0,0,"Skeletal Dynamics, LLC"
3558,3/1/2021 0:00,Disposition,K2-01-1075-04,6.5 x 40mm Cannulated Polyaxial ATR Screw,6,K2-01-1075-01,,,K2M,,Shanks,KM0075,310,Tooling,253,253,DMR,MDIECKMAN,3/1/2021 0:00,,,,3/1/2021 0:00,,310,,,Swiss - Cell A,MDIECKMAN,253,,Burrs,,,,,,"K2M, Inc."
3566,3/8/2021 0:00,Disposition,DRW-00924-01,"73mm, Proximal Ulna Plate, Right",RAM,DRW-00924-00,,3586,SKEL,DRW-00924-00,Plate,SD1355,341,Tooling,144,144,DMR,BGARCIA,3/8/2021 0:00,Rework,,,3/8/2021 0:00,SD1355,341,,,Milling - Cell A,BGARCIA,10,4/8/2021 0:00,Dimensional,,0,144,0,0,"Skeletal Dynamics, LLC"
3576,3/12/2021 0:00,Disposition,ET1-302808-12,"28 x 8mm End Plate, 0 Degree",C,ET1-30XXXX-12,,,SEASPINE,,Plate,SS0143,311,Tooling,215,215,DMR,MDIECKMAN,3/12/2021 0:00,Rework,,,3/12/2021 0:00,,311,,,Milling - Cell A,MDIECKMAN,215,,Tools Marks / Chatte,,0,215,,,SeaSpine
3361,9/9/2020 0:00,Closed,P-05-126-00001-1,Nexgen TIBL Augment Screw,0D,P-05-126-00001-1,1/2/3395,3395,ZIMMER,P-05-126-00001-1,Screw,1/2/3395,310,Offset,775,775,DMR,RFOLK,9/9/2020 0:00,Rework,9/21/2020 0:00,12/9/2020 0:00,9/9/2020 0:00,R3395-01-2,310,RFOLK,12/9/2020 0:00,Swiss - Cell D,MDIECKMAN,775,10/9/2020 0:00,Dimensional,,0,775,,,Zimmer TMT
3322,9/29/2020 0:00,Closed,18000-55-22,"5.5 x 22mm Invictus OCT, Polyaxial Screw",B,18000-XX-XX,3372-45-1,3372,ALPHA,1800-04-55-XX,Screw/Shank,AL0569,310,Set-up / Settings,65,65,DMR,RFOLK,9/29/2020 0:00,Rework,9/29/2020 0:00,12/9/2020 0:00,9/29/2020 0:00,,310,MDIECKMAN,9/29/2020 0:00,Swiss - Cell C,MDIECKMAN,65,10/29/2020 0:00,Dimensional,,0,65,,,Alphatec Spine
3323,9/29/2020 0:00,Closed,18000-55-24,"5.5 x 24mm Invictus OCT, Polyaxial Screw",B,18000-XX-XX,3372-46-1,3372,ALPHA,1800-04-55-XX,Screw/Shank,AL0570,310,Set-up / Settings,66,66,DMR,RFOLK,9/29/2020 0:00,Rework,9/29/2020 0:00,12/9/2020 0:00,9/29/2020 0:00,,310,MDIECKMAN,9/29/2020 0:00,Swiss - Cell C,MDIECKMAN,66,10/29/2020 0:00,Dimensional,,,66,,,Alphatec Spine
3324,9/29/2020 0:00,Closed,18000-55-26,"5.5 x 26mm Invictus OCT, Polyaxial Screw",B,18000-XX-XX,3372-47-1,3372,ALPHA,1800-04-55-XX,Screw/Shank,AL0571,310,Set-up / Settings,70,70,DMR,RFOLK,9/29/2020 0:00,Rework,9/29/2020 0:00,12/9/2020 0:00,9/29/2020 0:00,,310,MDIECKMAN,9/29/2020 0:00,Swiss - Cell D,MDIECKMAN,70,10/29/2020 0:00,Dimensional,,,70,,,Alphatec Spine
3325,9/29/2020 0:00,Closed,18000-55-28,"5.5 x 28mm Invictus OCT, Polyaxial Screw",B,18000-XX-XX,3372-48-1,3372,ALPHA,1800-04-55-XX,Screw/Shank,AL0573,310,Set-up / Settings,65,65,DMR,RFOLK,9/29/2020 0:00,Rework,9/29/2020 0:00,12/9/2020 0:00,9/29/2020 0:00,,310,MDIECKMAN,9/29/2020 0:00,Swiss - Cell C,MDIECKMAN,65,10/29/2020 0:00,Dimensional,,0,65,,,Alphatec Spine
3326,9/29/2020 0:00,Closed,18000-55-30,"5.5 x 30mm Invictus OCT, Polyaxial Screw",B,18000-XX-XX,3372-49-1,3372,ALPHA,1800-04-55-XX,Screw/Shank,AL0575,310,Set-up / Settings,59,59,DMR,RFOLK,9/29/2020 0:00,Rework,9/29/2020 0:00,12/9/2020 0:00,9/29/2020 0:00,,310,MDIECKMAN,9/29/2020 0:00,Swiss - Cell C,MDIECKMAN,59,10/29/2020 0:00,Dimensional,,,59,,,Alphatec Spine
3389,10/19/2020 0:00,Closed,1621706,Reline Mod Reduction Tulip,C,1621706,,N/A,NUVAS,1621706,Tulip,NV14503,310,Offset,275,19,DMR,RFOLK,10/20/2020 0:00,Scrap,10/20/2020 0:00,12/9/2020 0:00,10/20/2020 0:00,,310,RFOLK,12/9/2020 0:00,Swiss - Cell B,MDIECKMAN,275,11/20/2020 0:00,Dimensional,,19,,,,NuVasive
3390,10/20/2020 0:00,Origination,P20-530-034S,"3.0 x 34mm MINI-MONSTER Cannulated, Short Thread S",C,P20-530-XXXX,3/1/3526,3526,PARAGON,P20-530-XXXX,Screw/ Shank,3/1/3526,310,Offset,132,72,DMR,RFOLK,10/20/2020 0:00,Rework,10/29/2020 0:00,,10/20/2020 0:00,,310,,,Swiss - Cell C,MDIECKMAN,132,11/20/2020 0:00,Diameter,,0,72,0,0,
3402,11/3/2020 0:00,Closed,15620-1,"Polyaxial Reduction Tulip, Modular Extended Tab",A,15620-1,,3440,ALPHA,15620-1,Tulip,AL0628,332,Fail to Follow Procd,1,1,DMR,RFOLK,11/3/2020 0:00,Scrap,11/3/2020 0:00,12/10/2020 0:00,11/3/2020 0:00,,332,MDIECKMAN,11/3/2020 0:00,Post Machining Ops,MDIECKMAN,1,12/3/2020 0:00,Other,,1,0,0,0,Alphatec Spine
3418,11/18/2020 0:00,Closed,15025-075-055,7.5x55mm Extended Tab Assy,F,15025-XXX-XXX,7/3/3446,3446,ALPHA,,Assembly,7/3/3446,310,Offset,99,99,DMR,RFOLK,11/18/2020 0:00,Use As Is- Deviation,11/18/2020 0:00,1/29/2021 0:00,11/18/2020 0:00,,310,LTERRENZIO,11/19/2020 0:00,Swiss - Cell D,MDIECKMAN,99,12/18/2020 0:00,Diameter,,,,,99,
3399,10/29/2020 0:00,Completed,1582022,Precept Poly Clip Ring,C,1582022,,,NUVAS,1582022,Clip Ring,NV14657,310,Tooling,143,143,DMR,RFOLK,10/29/2020 0:00,Other,12/9/2020 0:00,,10/29/2020 0:00,,310,PLEPORE,12/14/2020 0:00,Swiss - Cell D,MDIECKMAN,143,11/29/2020 0:00,Dimensional,,0,0,0,143,NuVasive
3404,11/4/2020 0:00,Completed,1642798,Reline MOD Tulip,A,1642798,,N/A,NUVAS,1642798,Tulip,NV14199,310,Offset,193,193,DMR,RFOLK,11/4/2020 0:00,Scrap,11/4/2020 0:00,,11/4/2020 0:00,,310,LSAI,2/12/2021 0:00,Swiss - Cell C,MDIECKMAN,193,12/4/2020 0:00,Dimensional,,193,,,,NuVasive
3427,12/2/2020 0:00,Completed,231201225,"1.5mm AO, Cannulated Hex Driver",D,133210000,1/1/3438,3438,BIOMET,133210000,Driver,1/1/3438,310,Set-up / Settings,113,113,DMR,RFOLK,12/2/2020 0:00,Rework,12/11/2020 0:00,,12/2/2020 0:00,,310,VTKACHUK,1/4/2021 0:00,Swiss - Cell B,MDIECKMAN,113,1/4/2021 0:00,Surface Finish,,,113,,,Biomet
3433,12/9/2020 0:00,Verification,DRW-00948-01,"Assembled, Proximal Ulna Plate 3 Hole, Right",RAC,DRW-00948-00,2/1/3340,3340,SKEL,DRW-00924-00,Plate,SD1060,311,Finish Process,28,28,DMR,RFOLK,12/9/2020 0:00,Rework,1/28/2021 0:00,,12/9/2020 0:00,2/2/3340,341,,,Milling - Cell A,BGARCIA,28,1/11/2021 0:00,Dimensional,,0,21,0,7,"Skeletal Dynamics, LLC"
3442,12/11/2020 0:00,Closed,11301-110-02,"12 x 27 x 10mm Lucent XP-C PEEK Shell, 15 Degrees,",A,11301-XXX-02,1/1/3508,3508,SPINALE,11301-110-02,Peek,1/1/3508,311,Offset,18,18,DMR,BGARCIA,1/11/2021 0:00,Rework,1/15/2021 0:00,1/25/2021 0:00,1/11/2021 0:00,1/1/3508,340,RMCLLWAIN,1/25/2021 0:00,Milling - Cell A,BGARCIA,18,2/12/2021 0:00,Dimensional,,0,18,0,0,
3443,12/11/2020 0:00,Closed,PINV0064,Prophecy Invision Guide Shim,B,PINV0064,1/1/3551,3551,WRIGHT,PINV0064,Other,1/1/3551,311,Handling,30,30,DMR,BGARCIA,12/14/2020 0:00,Rework,1/7/2021 0:00,1/25/2021 0:00,12/14/2020 0:00,1/1/3551,340,RMCLLWAIN,1/25/2021 0:00,Milling - Cell A,BGARCIA,30,1/14/2021 0:00,Dimensional,,0,30,0,0,
3447,12/21/2020 0:00,Closed,15022-01-02,Extended Tab,B,15022-01-02,,3424,ALPHA,15022-01-02,Tower,AL0626,310,Offset,275,275,DMR,BGARCIA,12/21/2020 0:00,Use As Is- Deviation,3/4/2021 0:00,2/22/2021 0:00,12/21/2020 0:00,,311,BGARCIA,12/21/2020 0:00,Swiss - Cell C,BGARCIA,93,1/21/2021 0:00,Dimensional,,0,85,0,190,Alphatec Spine
3406,11/5/2020 0:00,Closed,4508-41F16," 1 Level, Size 16 Lateral Plate",1,K2-45-1000-01,1/1/3459,3459,K2M,K2-45-1000-01,Plate,1/1/3459,340,Handling,20,20,DMR,RFOLK,11/5/2020 0:00,Rework,11/20/2020 0:00,12/8/2020 0:00,11/5/2020 0:00,,340,BGARCIA,12/8/2020 0:00,Milling - Cell B,MDIECKMAN,20,12/5/2020 0:00,Damaged,,0,20,,,
3409,11/9/2020 0:00,Completed,231201325,1.5mm AO. Solid Hex Driver,D,133210000,1/1/3437,3437,BIOMET,133210000,Driver,1/1/3437,334,Finish Process,104,104,DMR,RFOLK,11/9/2020 0:00,Rework,12/2/2020 0:00,,11/9/2020 0:00,,332,MHANLON,1/4/2021 0:00,Post Machining Ops,MDIECKMAN,104,12/9/2020 0:00,Laser Mark Incorrect,,0,104,,,Biomet
3413,11/13/2020 0:00,Closed,DRW-00764-02,Distal Radius Plate Standard 3H Left,RAS,DRW-00764-00,,3357,SKEL,DRW-00764-00,Plate,SD1155,311,Finish Process,187,187,DMR,BGARCIA,11/13/2020 0:00,Rework,11/20/2020 0:00,1/25/2021 0:00,11/13/2020 0:00,SD1155,340,RMCLLWAIN,1/25/2021 0:00,Milling - Cell A,BGARCIA,187,12/14/2020 0:00,Surface Finish,,0,187,0,0,"Skeletal Dynamics, LLC"
3428,12/2/2020 0:00,Closed,ET1-303208-12,"32x08mm 0 DEG,Endplate",B,ET1-30XXXX-12,,3559,SEASPINE,ET1-30XXXX-12,Other,SS0085,336,Finish Process,52,16,DMR,BGARCIA,12/2/2020 0:00,Use As Is- Deviation,1/11/2021 0:00,1/25/2021 0:00,12/2/2020 0:00,,340,RMCLLWAIN,1/25/2021 0:00,Milling - Cell A,BGARCIA,52,1/4/2021 0:00,Dimensional,,0,0,0,16,SeaSpine
3444,12/14/2020 0:00,Completed,1642657,Reline Closed Iliac Tulip,A,1642657,,,NUVAS,,Tulip,NV14619,310,Offset,275,275,DMR,MDIECKMAN,12/14/2020 0:00,Rework,1/6/2021 0:00,,12/16/2020 0:00,,310,VTKACHUK,1/4/2021 0:00,Swiss - Cell B,MDIECKMAN,275,12/28/2020 0:00,Diameter,,0,275,,,NuVasive
3408,11/9/2020 0:00,Completed,231201225,"1.5mm AO, Cannulated Hex Driver",D,133210000,1/1/3435,3435,BIOMET,133210000,Driver,1/1/3435,334,Finish Process,239,239,DMR,RFOLK,11/9/2020 0:00,Rework,11/20/2020 0:00,,11/9/2020 0:00,,336,MHANLON,1/4/2021 0:00,Post Machining Ops,MDIECKMAN,239,12/9/2020 0:00,Laser Mark Incorrect,,0,239,,,Biomet
3416,11/18/2020 0:00,Closed,DRW-00764-02,Distal Radius Plate Standard 3H Left,RAS,DRW-00764-00,,3357,SKEL,DRW-00764-00,Plate,SD1156,311,Tooling,58,58,DMR,BGARCIA,11/18/2020 0:00,Rework,11/20/2020 0:00,1/25/2021 0:00,11/18/2020 0:00,SD1156,340,RMCLLWAIN,1/25/2021 0:00,Milling - Cell A,BGARCIA,58,12/18/2020 0:00,Dimensional,,0,58,0,0,"Skeletal Dynamics, LLC"
3419,11/19/2020 0:00,Completed,231201225,"1.5mm AO, Cannulated Hex Driver",D,133210000,1/1/3435,3435,BIOMET,133210000,Driver,1/1/3435,332,Fail to Follow Procd,2,2,DMR,RFOLK,11/19/2020 0:00,Rework,12/8/2020 0:00,,11/19/2020 0:00,1/1/3435,332,MHANLON,1/4/2021 0:00,Post Machining Ops,MDIECKMAN,2,12/19/2020 0:00,Dimensional,,0,2,,,Biomet
3441,12/11/2020 0:00,Closed,DRW-00764-01,Distal Radius Plate Standard 3H Right,RAS,DRW-00764-00,,3357,SKEL,DRW-00764-00,Plate,SD1162,311,Handling,178,178,DMR,BGARCIA,12/11/2020 0:00,Rework,1/6/2021 0:00,1/25/2021 0:00,12/11/2020 0:00,SD1162,340,RMCLLWAIN,1/25/2021 0:00,Milling - Cell A,BGARCIA,178,1/11/2021 0:00,Dimensional,,0,178,0,0,"Skeletal Dynamics, LLC"
3429,12/7/2020 0:00,Completed,P20-130-036S,"3.0 x 36mm MINI-MONSTER Cannulated, Short Thread, ",D,P20-130-XXXX,3544-25-2,3544,PARAGON,P20-130-XXXX,Screw/Shank,3544-25-2,310,Finish Process,160,160,DMR,RFOLK,12/7/2020 0:00,Rework,12/11/2020 0:00,,12/7/2020 0:00,,333,LSAI,2/12/2021 0:00,Post Machining Ops,MDIECKMAN,160,1/7/2021 0:00,Surface Finish,,0,160,,,
3454,12/16/2020 0:00,Completed,7786703,ACP Temporary Fixation Pin,A,7786703,1/2/3429,,NUVAS,,Shank,,334,Set-up / Settings,123,123,DMR,MDIECKMAN,12/16/2020 0:00,Rework,1/4/2021 0:00,,12/16/2020 0:00,,334,KBURCH,1/5/2021 0:00,Post Machining Ops,MDIECKMAN,123,,Laser Mark Incorrect,,0,123,,,
3455,12/17/2020 0:00,Verification,231201225,"1.5mm AO, Cannulated Hex Driver",D,133210000,,3435,BIOMET,133210000,Driver,1/1/3435,380,Procedure,228,228,DMR,BGARCIA,,Rework,2/11/2021 0:00,,12/17/2020 0:00,1/1/3435,360,,,Swiss - Cell B,BGARCIA,228,1/18/2021 0:00,Other,,0,228,0,0,Biomet
3449,12/21/2020 0:00,Closed,15022-01-02,Extended Tab,B,15022-01-02,,3530,ALPHA,15022-01-02,Tower,AL0736,310,Offset,275,275,DMR,BGARCIA,12/21/2020 0:00,Scrap,12/21/2020 0:00,1/14/2021 0:00,12/21/2020 0:00,,311,BGARCIA,12/21/2020 0:00,Swiss - Cell C,BGARCIA,20,1/21/2021 0:00,Dimensional,,275,0,0,0,Alphatec Spine
3450,12/21/2020 0:00,Closed,15022-01-02,Extended Tab,B,15022-01-02,,3530,ALPHA,15022-01-02,Tower,AL0737,310,Offset,275,275,DMR,BGARCIA,12/21/2020 0:00,Scrap,12/21/2020 0:00,1/14/2021 0:00,12/21/2020 0:00,,311,BGARCIA,12/21/2020 0:00,Swiss - Cell C,BGARCIA,20,1/21/2021 0:00,Dimensional,,275,0,0,0,Alphatec Spine
3452,12/21/2020 0:00,Closed,15022-01-02,Extended Tab,B,15022-01-02,,3440,ALPHA,15022-01-02,Tower,AL0638,310,Offset,275,275,DMR,BGARCIA,12/21/2020 0:00,Use As Is- Deviation,2/22/2021 0:00,2/22/2021 0:00,12/21/2020 0:00,,311,BGARCIA,12/21/2020 0:00,Swiss - Cell C,BGARCIA,20,12/21/2020 0:00,Dimensional,,190,0,0,85,Alphatec Spine
3451,12/21/2020 0:00,Closed,15022-01-02,Extended Tab,B,15022-01-02,,3446,ALPHA,15022-01-02,Tower,AL0678,310,Offset,275,275,DMR,BGARCIA,12/21/2020 0:00,Scrap,12/21/2020 0:00,1/13/2021 0:00,12/21/2020 0:00,,311,BGARCIA,12/21/2020 0:00,Swiss - Cell C,BGARCIA,20,12/21/2020 0:00,Dimensional,3412,275,0,0,0,Alphatec Spine
3459,1/6/2021 0:00,Verification,231201230,2.0mm AO. Cannulated Hex Driver,D,133210000,1/1/3439,,22005/1,,Driver,,380,Set-up / Settings,269,269,DMR,MDIECKMAN,1/6/2021 0:00,Rework,1/15/2021 0:00,,1/6/2021 0:00,,380,,,Post Machining Ops,MDIECKMAN,269,,Tools Marks / Chatte,,0,269,,,
3471,1/18/2021 0:00,Completed,1751315,7.5 x 55mm Cannulated Cancellous Shank,C,1751200,,,NUVAS,,Shank,NV14856,380,Procedure,275,275,DMR,MDIECKMAN,1/18/2021 0:00,Use As Is- Deviation,3/3/2021 0:00,,1/18/2021 0:00,,380,MDIECKMAN,3/3/2021 0:00,Vendor,MDIECKMAN,275,1/18/2021 0:00,Other,,0,0,0,275,NuVasive
3374,1/22/2021 0:00,Closed,DRW-00703-01,Asm Distal Radius Plate Standard 4H Right,RAO,DRW-00703-00,12/1/3256,3256,SKEL,DRW-00683-01,Plate,SD0944,311,Finish Process,43,0,DMR,BGARCIA,1/22/2021 0:00,Other,1/22/2021 0:00,1/22/2021 0:00,1/22/2021 0:00,,341,BGARCIA,1/22/2021 0:00,Milling - Cell A,BGARCIA,43,2/22/2021 0:00,Dimensional,,0,0,0,0,"Skeletal Dynamics, LLC"
3487,1/26/2021 0:00,Verification,18008317,"3.5x17mm, ACP Screw, Self-Tap Variable",A,180083XX,7/4/3546,,NUVAS,,Shank,,332,Fail to Follow Procd,1,1,DMR,MDIECKMAN,1/26/2021 0:00,Scrap,1/26/2021 0:00,,1/26/2021 0:00,,332,,,Post Machining Ops,MDIECKMAN,1,,Comingled,,1,,,,
3510,2/5/2021 0:00,Closed,24037535,7.5 x 35mm 2FC Reline-One Mod Shank,A,2403XXYY,3574-41-1,3574,NUVAS,2403XXYY,Shanks,3574-41-1,332,Fail to Follow Procd,120,120,DMR,RFOLK,2/5/2021 0:00,Rework,2/11/2021 0:00,2/24/2021 0:00,2/5/2021 0:00,,332,PLEPORE,2/12/2021 0:00,Post Machining Ops,MDIECKMAN,120,3/5/2021 0:00,Other,,0,120,,,
3445,12/14/2020 0:00,Closed,15022-01-02,Extended Tab,B,15022-01-02,,3446,ALPHA,15022-01-02,Tower,AL0677,310,Offset,275,275,DMR,BGARCIA,12/14/2020 0:00,Use As Is- Deviation,2/22/2021 0:00,2/22/2021 0:00,12/14/2020 0:00,,311,BGARCIA,12/21/2020 0:00,Swiss - Cell C,BGARCIA,28,1/14/2021 0:00,Dimensional,,0,0,0,275,Alphatec Spine
3456,12/23/2020 0:00,Disposition,P53-103-L052,"MTP Plate, 5 Deg, Medium, Left",C,P53-103-L052,6/2/3522,3522,PARAGON,P53-103-L052,Plate,6/2/3522,311,Offset,162,162,DMR,BGARCIA,12/23/2020 0:00,Rework,,,12/23/2020 0:00,6/2/3522,340,,,Milling - Cell A,BGARCIA,162,1/25/2021 0:00,Dimensional,,0,162,0,0,
3472,1/18/2021 0:00,Completed,1751315,7.5 x 55mm Cannulated Cancellous Shank,C,1751200,,,NUVAS,,Shank,NV15192,380,Fail to Follow Procd,99,99,DMR,MDIECKMAN,1/18/2021 0:00,Use As Is- Deviation,3/3/2021 0:00,,1/18/2021 0:00,,380,MDIECKMAN,3/3/2021 0:00,Vendor,MDIECKMAN,99,1/18/2021 0:00,Other,,,,,99,NuVasive
3489,1/27/2021 0:00,Disposition,1642646,Reline Breakoff Extension,E,1642646,,,NUVAS,,Extension,NV14763,380,Offset,275,275,DMR,MDIECKMAN,1/27/2021 0:00,,,,1/27/2021 0:00,,380,MDIECKMAN,1/27/2021 0:00,Vendor,MDIECKMAN,275,,Burrs,,,,,,NuVasive
3505,2/5/2021 0:00,Verification,1642658,Reline Reduction Tulip and Extension,G,1642658,,,NUVAS,,Extensions,NV14672,336,Handling,268,46,DMR,MDIECKMAN,2/5/2021 0:00,Rework,2/11/2021 0:00,,2/5/2021 0:00,,380,,,Vendor,MDIECKMAN,268,,Scratches,,0,46,,,NuVasive
3506,2/5/2021 0:00,Closed,1642658,Reline Reduction Tulip and Extension,G,1642658,,,NUVAS,1642658,Extension,NV14673,380,Handling,270,39,DMR,RFOLK,2/5/2021 0:00,Rework,2/11/2021 0:00,2/24/2021 0:00,2/5/2021 0:00,,380,MDIECKMAN,2/5/2021 0:00,Vendor,MDIECKMAN,270,3/5/2021 0:00,Scratches,,0,39,,,NuVasive
3507,2/5/2021 0:00,Disposition,24037555,7.5 x 55mm 2FC Reline-One Mod Shank,A,2403XXYY,3574-45-1,,NUVAS,,Shanks,,332,Procedure,115,115,DMR,MDIECKMAN,2/5/2021 0:00,Rework,,,2/5/2021 0:00,,332,,,Post Machining Ops,MDIECKMAN,115,2/5/2021 0:00,Other,,,115,,,
3515,2/8/2021 0:00,Disposition,19000-55-40,5.5 x 40mm Polyaxial Screw,B,19000-XX-XX,003580-66-1,,ALPHA,,Assembly,,333,Set-up / Settings,63,63,DMR,MDIECKMAN,2/8/2021 0:00,,,,2/8/2021 0:00,,333,,,Post Machining Ops,MDIECKMAN,63,2/8/2021 0:00,Color Incorrect,,,,,,Alphatec Spine
3517,2/9/2021 0:00,Completed,1642658,Reline Reduction Tulip and Extension,G,1642658,,,NUVAS,,Assembly,NV14879,331,Finish Process,271,22,DMR,MDIECKMAN,2/9/2021 0:00,Rework,2/11/2021 0:00,,2/9/2021 0:00,,331,MHANLON,3/19/2021 0:00,Post Machining Ops,MDIECKMAN,271,2/9/2021 0:00,Scratches,,,22,,,NuVasive
3528,2/22/2021 0:00,Disposition,DRW-00764-02,Distal Radius Plate Standard 3H Left,RAS,DRW-00764-00,,3581,SKEL,DRW-00764-00,Plate,SD1328,311,Offset,200,200,DMR,BGARCIA,2/22/2021 0:00,Rework,,,2/22/2021 0:00,SD1328,340,,,Milling - Cell A,BGARCIA,20,3/22/2021 0:00,Thread NC,,0,200,0,0,"Skeletal Dynamics, LLC"
3540,2/24/2021 0:00,Verification,1642658,Reline Reduction Tulip and Extension,G,1642658,,,NUVAS,,Extension,NV14889,310,Tooling,85,80,DMR,MDIECKMAN,2/25/2021 0:00,Rework,,,2/25/2021 0:00,,380,,,Vendor,MDIECKMAN,85,,,,0,80,,,NuVasive
3542,2/25/2021 0:00,Verification,DRW-00783-02,Asm Distal Radius Plate Narrow 4H Left,RAN,DRW-00783-00,11/1/3255,3255,SKEL,DRW-00781-00,Plate,SD1041,311,Offset,6,4,DMR,BGARCIA,2/25/2021 0:00,Rework,3/4/2021 0:00,,2/25/2021 0:00,,341,,,Milling - Cell A,BGARCIA,6,3/25/2021 0:00,Dimensional,,0,4,0,0,"Skeletal Dynamics, LLC"
3589,3/22/2021 0:00,Disposition,RP1-000208,"8mm, Plate Locking Cover",A,RP1-0002AA,003651-1-1,,39188/1,,Shank,,336,Set-up / Settings,27,7,DMR,MDIECKMAN,3/22/2021 0:00,Rework,,,3/22/2021 0:00,,310,,,Post Machining Ops,MDIECKMAN,27,,Laser Mark Incorrect,,0,7,,,
3434,12/9/2020 0:00,Closed,DRW-00948-02,"Assembled, Proximal Ulna Plate, 3 Hole, Left",RAC,DRW-00948-00,1/2/3322,3322,SKEL,DRW-00924-00,Plate,SD1059,311,Offset,9,9,DMR,RFOLK,12/9/2020 0:00,Use As Is- Deviation,1/22/2021 0:00,1/25/2021 0:00,12/9/2020 0:00,,341,RMCLLWAIN,1/25/2021 0:00,Milling - Cell A,BGARCIA,9,1/11/2021 0:00,Dimensional,,0,0,0,9,"Skeletal Dynamics, LLC"
3437,12/9/2020 0:00,Closed,DRW-00948-02,"Assembled, Proximal Ulna Plate, 3 Hole, Left",RAC,DRW-00948-00,7/1/3359,3359,SKEL,DRW-00924-00,Plate,SD1215,311,Offset,8,8,DMR,RFOLK,12/9/2020 0:00,Use As Is- Deviation,1/22/2021 0:00,1/25/2021 0:00,12/9/2020 0:00,,341,RMCLLWAIN,1/25/2021 0:00,Milling - Cell A,BGARCIA,8,1/11/2021 0:00,Dimensional,,0,0,0,8,"Skeletal Dynamics, LLC"
3438,12/9/2020 0:00,Verification,DRW-01079-01,"Assembled, Proximal Ulna Plate, 6 Hole, Right",RAC,DRW-01079-00,2/1/3359,3359,SKEL,DRW-01049-00,Plate,SD1216,311,Handling,31,31,DMR,RFOLK,12/9/2020 0:00,Rework,1/4/2021 0:00,,12/9/2020 0:00,2/2/3359,341,,,Milling - Cell A,BGARCIA,31,1/11/2021 0:00,Dimensional,,0,31,0,0,"Skeletal Dynamics, LLC"
3439,12/9/2020 0:00,Verification,DRW-01079-02,"Assembled, Proximal Ulna Plate, 6 Hole, Left",RAC,DRW-01079-00,3/2/3340,3340,SKEL,DRW-01049-00,Plate,SD1061,311,Handling,67,67,DMR,RFOLK,12/9/2020 0:00,Rework,1/28/2021 0:00,,12/9/2020 0:00,3/3/3340,341,,,Milling - Cell A,BGARCIA,67,1/11/2021 0:00,Dimensional,,2,20,0,45,"Skeletal Dynamics, LLC"
3440,12/10/2020 0:00,Closed,DRW-01088-01,"Assembled, Proximal Ulna Plate, 9 Hole, Right",RAC,DRW-01088-00,5/1/3359,3359,SKEL,DRW-01087-00,Plate,SD1219,311,Finish Process,13,13,DMR,RFOLK,12/10/2020 0:00,Rework,1/4/2021 0:00,1/25/2021 0:00,12/10/2020 0:00,5/2/3359,341,RMCLLWAIN,1/25/2021 0:00,Milling - Cell A,BGARCIA,13,1/11/2021 0:00,Dimensional,,0,13,0,0,"Skeletal Dynamics, LLC"
3462,1/11/2021 0:00,Verification,DRW-01893-02," 175mm, Assembled, Distal Humerus Plate, Lateral H",RAC,DRW-01893-00,1/2/3528,3528,SKEL,DRW-01892-00,Plate,SD1378,311,Set-up / Settings,10,10,DMR,BGARCIA,1/11/2021 0:00,Rework,2/11/2021 0:00,,1/11/2021 0:00,1/5/3528,341,,,Milling - Cell A,BGARCIA,10,2/12/2021 0:00,Thread NC,,0,10,0,0,"Skeletal Dynamics, LLC"
3463,1/11/2021 0:00,Closed,DRW-01893-02,"175mm, Assembled, Distal Humerus Plate, Lateral He",RAC,DRW-01893-00,1/1/3528,3528,SKEL,DRW-01892-00,Plate,1/1/3528,311,Set-up / Settings,20,20,DMR,BGARCIA,1/11/2021 0:00,Rework,1/25/2021 0:00,1/25/2021 0:00,1/11/2021 0:00,1/4/3528,341,RMCLLWAIN,1/25/2021 0:00,Milling - Cell A,BGARCIA,20,2/12/2021 0:00,Thread NC,,1,19,0,0,"Skeletal Dynamics, LLC"
3501,2/4/2021 0:00,Completed,1642799,Reline MOD Load Ring,C,1642799,,,NUVAS,,Load Ring,NV14815,310,Tooling,1100,1100,DMR,MDIECKMAN,2/4/2021 0:00,Rework,3/3/2021 0:00,,2/4/2021 0:00,,310,JTHOMAS,2/10/2021 0:00,Swiss - Cell D,MDIECKMAN,1100,2/4/2021 0:00,Burrs,,0,1100,,,NuVasive
3464,1/12/2021 0:00,Verification,ET1-302807-12,"28x07mm 0 DEG, Endplate",B,ET1-30XXXX-12,,3540,SEASPINE,ET1-30XXXX-12,Other,SS0070,336,Finish Process,62,62,DMR,BGARCIA,1/12/2021 0:00,Use As Is- Deviation,2/22/2021 0:00,,1/12/2021 0:00,,340,,,Milling - Cell A,BGARCIA,62,2/12/2021 0:00,Dimensional,,0,0,0,62,SeaSpine
3465,1/13/2021 0:00,Disposition,ET1-302810-12,"28x10mm 0 DEG, Endplate",B,ET1-30XXXX-12,,3559,SEASPINE,ET1-30XXXX-12,Other,SS0082,336,Finish Process,59,59,DMR,BGARCIA,1/13/2021 0:00,Use As Is- Deviation,,,1/13/2021 0:00,,340,,,Milling - Cell A,BGARCIA,59,2/12/2021 0:00,Dimensional,,0,0,0,59,SeaSpine
3467,1/15/2021 0:00,Closed,15074-085-090,8.5 x 90mm Closed Polyaxial Screw Assy,D,15074-XXX-XXX,4/1/3564,3564,ALPHA,15074-XXX-XXX,Assembly,4/1/3564,310,Set-up / Settings,25,25,DMR,RFOLK,1/15/2021 0:00,Rework,2/11/2021 0:00,2/24/2021 0:00,1/15/2021 0:00,,310,MDIECKMAN,1/15/2021 0:00,Swiss - Cell D,MDIECKMAN,25,2/15/2021 0:00,Dimensional,,0,25,,,
3469,1/15/2021 0:00,Verification,RP1-100108,"8mm, 1 Hole Lateral Plate",A,RP1-1001AA,1/1/3557,3557,39188/1,RP1-1001AA,Other,1/1/3557,311,Offset,29,29,DMR,BGARCIA,1/15/2021 0:00,Rework,2/11/2021 0:00,,1/15/2021 0:00,1/1/3557,340,,,Milling - Cell B,BGARCIA,29,2/15/2021 0:00,Tools Marks / Chatte,,0,29,0,0,
3470,1/18/2021 0:00,Completed,1751314,7.5 x 50mm Cannulated Cancellous Shank,C,1751200,,,NUVAS,,Shank,NV14851,380,Fail to Follow Procd,275,275,DMR,MDIECKMAN,1/18/2021 0:00,Use As Is- Deviation,3/3/2021 0:00,,1/18/2021 0:00,,380,MDIECKMAN,3/3/2021 0:00,Vendor,MDIECKMAN,275,1/25/2021 0:00,Other,,0,0,0,275,NuVasive
3492,1/27/2021 0:00,Disposition,PINV0064,Prophecy Invision Guide Shim,B,PINV0064,R3552-01-2,3552,WRIGHT,PINV0064,Other,R3552-01-2,311,Set-up / Settings,14,14,DMR,BGARCIA,1/27/2021 0:00,Scrap,,,1/27/2021 0:00,R3552-01-2,340,,,Milling - Cell A,BGARCIA,14,3/1/2021 0:00,Dimensional,,14,0,0,0,
3494,1/28/2021 0:00,Closed,1882084,"5x22.5mm, Modulus 3D Interfix Bolt",B,1882080,4/1/3433,3433,NUVAS,1882080,Shanks,JP22383,310,Tooling,1,1,DMR,RFOLK,1/28/2021 0:00,Scrap,1/28/2021 0:00,2/24/2021 0:00,1/28/2021 0:00,,310,MDIECKMAN,1/28/2021 0:00,Swiss - Cell A,MDIECKMAN,1,2/28/2021 0:00,Incomplete,,1,,,,NuVasive
3502,2/4/2021 0:00,Closed,1642658,Reline Reduction Tulip and Extension,G,1642658,,,NUVAS,1642658,Assembly,NV14676,380,Handling,245,24,DMR,RFOLK,2/4/2021 0:00,Rework,2/11/2021 0:00,2/24/2021 0:00,2/4/2021 0:00,,380,MDIECKMAN,2/4/2021 0:00,Vendor,MDIECKMAN,245,3/4/2021 0:00,Scratches,,0,24,,,NuVasive
3504,2/5/2021 0:00,Verification,ET1-302807-10,"28x7mm 0 DEG, Proximal Body",B,ET1-30XXXX-10,,3540,SEASPINE,ET1-30XXXX-10,Other,SS0068,311,Tooling,29,5,DMR,BGARCIA,2/5/2021 0:00,Rework,2/11/2021 0:00,,2/5/2021 0:00,SS0068,340,,,Milling - Cell B,BGARCIA,29,3/5/2021 0:00,Tools Marks / Chatte,,0,5,0,0,SeaSpine
3473,1/18/2021 0:00,Completed,1751315,7.5 x 55mm Cannulated Cancellous Shank,C,1751200,,,NUVAS,,Shank,NV15191,380,Fail to Follow Procd,275,275,DMR,MDIECKMAN,1/18/2021 0:00,Use As Is- Deviation,3/3/2021 0:00,,1/18/2021 0:00,,380,MDIECKMAN,3/3/2021 0:00,Vendor,MDIECKMAN,275,1/18/2021 0:00,Other,,,,,275,NuVasive
3475,1/20/2021 0:00,Closed,K2-01-1033-04,7.5 x 40mm Denali Screw Assembly,6,K2-01-1033-01,11/1/3353,3353,K2M,K2-01-1022-01,Assembly,MPJD,310,Fail to Follow Procd,75,75,DMR,RFOLK,2/11/2021 0:00,Rework,2/18/2021 0:00,2/24/2021 0:00,1/20/2021 0:00,,310,RFOLK,2/11/2021 0:00,Swiss - Cell B,MDIECKMAN,75,2/20/2021 0:00,Diameter,,,75,,,"K2M, Inc."
3476,1/20/2021 0:00,Closed,K2-01-1033-01,7.5 x 25mm Denali Screw Assembly,6,K2-01-1033-01,8/1/3353,3353,K2M,K2-01-1022-01,Assembly,MPJD,310,Fail to Follow Procd,23,23,DMR,RFOLK,2/11/2021 0:00,Rework,2/11/2021 0:00,2/17/2021 0:00,1/20/2021 0:00,,310,RFOLK,2/11/2021 0:00,Swiss - Cell B,MDIECKMAN,23,2/20/2021 0:00,Dimensional,,,23,,,"K2M, Inc."
3477,1/20/2021 0:00,Closed,K2-01-1076-07,7.5 x 55mm Cannulated Polyaxial ATR Screw Assembly,7,K2-01-1076-01,3353-24-1,3353,K2M,K2-01-1022-01,Assembly,MPJD,310,Fail to Follow Procd,95,95,DMR,RFOLK,2/11/2021 0:00,Rework,2/11/2021 0:00,2/17/2021 0:00,1/20/2021 0:00,,310,RFOLK,2/11/2021 0:00,Swiss - Cell B,MDIECKMAN,95,2/22/2021 0:00,Dimensional,,,95,,,"K2M, Inc."
3478,1/20/2021 0:00,Disposition,231201240,"2.5mm AO, Cannulated Hex Driver",D,133210000,,,ZIMMER,,Driver,1/2/3436,332,Set-up / Settings,80,80,DMR,MDIECKMAN,1/20/2021 0:00,Rework,,,1/20/2021 0:00,,332,,,Post Machining Ops,MDIECKMAN,80,1/20/2021 0:00,Laser Mark Incorrect,,,80,,,Zimmer TMT
3480,1/21/2021 0:00,Verification,18008113,"3.5x13mm, ACP Screw, Self-Drill Variable",A,180081XX,2/4/3546,,NUVAS,,Shank,,336,Fail to Follow Procd,1,1,DMR,MDIECKMAN,1/21/2021 0:00,Scrap,1/21/2021 0:00,,1/21/2021 0:00,,336,,,Post Machining Ops,MDIECKMAN,1,1/21/2021 0:00,Comingled,,1,,,,
3481,1/21/2021 0:00,Verification,PINV0064,Prophecy Invision Guide Shim,B,PINV0064,1/1/3553,3553,WRIGHT,PINV0064,Other,1/1/3553,311,Set-up / Settings,27,15,DMR,BGARCIA,1/21/2021 0:00,Rework,2/11/2021 0:00,,1/21/2021 0:00,1/1/3553,340,,,Milling - Cell A,BGARCIA,15,2/22/2021 0:00,Dimensional,,2,13,0,0,
3490,1/27/2021 0:00,Verification,DRW-00699-02,Distal Radius Plate Narrow 3H Left,RAV,DRW-00699-00,,3357,SKEL,DRW-00699-00,Plate,SD1124,311,Offset,36,18,DMR,BGARCIA,1/27/2021 0:00,Rework,2/11/2021 0:00,,3/15/2021 0:00,SD1124,340,,,Milling - Cell A,BGARCIA,36,3/1/2021 0:00,Dimensional,,10,8,0,0,"Skeletal Dynamics, LLC"
3495,2/3/2021 0:00,Verification,DRW-00922-02,"2.7mm, Preloaded Drill Guide, Green",RAG,DRW-00922-00,,,SKEL,,Drill Guide,SD1354,310,Fail to Follow Procd,1108,1108,DMR,MDIECKMAN,2/3/2021 0:00,Rework,2/11/2021 0:00,,2/3/2021 0:00,,310,,,Swiss - Cell D,MDIECKMAN,1108,2/3/2021 0:00,Comingled,,1,1107,,,"Skeletal Dynamics, LLC"
3519,2/12/2021 0:00,Disposition,8855540,5.5 x 40mm Deformity Fixed Screw 5.5mm Rod Ti,E,885XXXX,3565-17-1,,NUVAS,,Shank,,336,Tooling,132,83,DMR,MDIECKMAN,2/12/2021 0:00,Rework,,,2/12/2021 0:00,,331,,,Post Machining Ops,MDIECKMAN,132,,Surface Finish,,0,83,,,
3524,2/22/2021 0:00,Closed,AP1-624014,"4.0 x 14mm Fixed Angle Screw, Self-Tapping",B,AP1-624010_22,003640-4-1,3640,39188/1,AP1-624014,Shank,003640-4-1,310,Offset,28,28,DMR,RFOLK,2/22/2021 0:00,Scrap,2/22/2021 0:00,2/24/2021 0:00,2/22/2021 0:00,,310,LSAI,2/24/2021 0:00,Swiss - Cell C,MDIECKMAN,28,2/22/2021 0:00,Hexalobe,,28,,,,
3526,2/22/2021 0:00,Disposition,1642661,Reline Poly Load Ring,C,1642661,,,NUVAS,,Load Ring,NV15135,310,Offset,1100,1100,DMR,MDIECKMAN,2/22/2021 0:00,Rework,,,2/22/2021 0:00,,310,,,Swiss - Cell D,MDIECKMAN,1100,,Diameter,,0,1100,,,NuVasive
3531,2/23/2021 0:00,Disposition,DRW-00764-01,Distal Radius Plate Standard 3H Right,RAS,DRW-00764-00,,3581,SKEL,DRW-00764-00,Plate,SD1321,311,Finish Process,197,197,DMR,BGARCIA,2/23/2021 0:00,Rework,,,2/23/2021 0:00,SD1321,340,,,Milling - Cell A,BGARCIA,30,3/23/2021 0:00,Surface Finish,,0,197,0,0,"Skeletal Dynamics, LLC"
3532,2/23/2021 0:00,Verification,1882084,5.0 x 22.5mm Modulus 3D Interfix ALIF Bolt,B,1882080,003638-3-1,,NUVAS,,Shanks,003638-3-1,332,Set-up / Settings,414,414,DMR,MDIECKMAN,2/23/2021 0:00,Rework,,,2/23/2021 0:00,,332,,,Post Machining Ops,MDIECKMAN,414,,Dimensional,,0,414,,,
3538,2/24/2021 0:00,Verification,1642646,Reline Breakoff Extension,E,1642646,,,NUVAS,,Extension,NV14761,380,Offset,274,274,DMR,MDIECKMAN,2/24/2021 0:00,Rework,3/3/2021 0:00,,2/24/2021 0:00,,380,,,Vendor,MDIECKMAN,274,,Dimensional,,0,274,,,NuVasive
3552,2/25/2021 0:00,Disposition,DRW-00764-02,Distal Radius Plate Standard 3H Left,RAS,DRW-00764-00,,3581,SKEL,DRW-00764-00,Plate,SD1325,311,Offset,104,104,DMR,BGARCIA,2/25/2021 0:00,Rework,,,2/25/2021 0:00,,340,,,Milling - Cell A,BGARCIA,104,3/25/2021 0:00,Surface Finish,,0,34,0,0,"Skeletal Dynamics, LLC"
3545,2/25/2021 0:00,Verification,DRW-00766-02,Asm Distal Radius Plate Standard 3H Left,RAN,DRW-00766-00,6/1/3323,3323,SKEL,DRW-00764-00,Plate,SD1049,331,Finish Process,10,10,DMR,BGARCIA,2/25/2021 0:00,Scrap,2/25/2021 0:00,,2/25/2021 0:00,,341,,,Milling - Cell A,BGARCIA,10,3/25/2021 0:00,Other,,10,0,0,0,"Skeletal Dynamics, LLC"
3574,3/12/2021 0:00,Disposition,ET1-302808-11,"28x08mm 0 DEG, Distal Body",C,ET1-30XXXX-11,,,SEASPINE,,Plate,SS0141,311,Offset,116,116,DMR,MDIECKMAN,3/12/2021 0:00,Rework,,,3/12/2021 0:00,,311,,,Milling - Cell B,MDIECKMAN,116,,Dimensional,,0,116,,,SeaSpine
3375,1/22/2021 0:00,Closed,DRW-00766-02,Asm Distal Radius Plate Standard 3H Left,RAN,DRW-00766-00,5/2/3254,3254,SKEL,DRW-00764-02,Plate,SD0909,311,Finish Process,24,0,DMR,BGARCIA,1/22/2021 0:00,Other,1/22/2021 0:00,1/22/2021 0:00,1/22/2021 0:00,,341,BGARCIA,1/22/2021 0:00,Milling - Cell A,BGARCIA,24,1/22/2021 0:00,Dimensional,,0,0,0,0,"Skeletal Dynamics, LLC"
3377,1/22/2021 0:00,Closed,DRW-00783-01,Asm Distal Radius Plate Narrow 4H Right,RAN,DRW-00783-00,10/1/3255,3255,SKEL,DRW-00781-01,Plate,SD0925,311,Finish Process,54,0,DMR,BGARCIA,1/22/2021 0:00,Other,1/22/2021 0:00,1/22/2021 0:00,1/22/2021 0:00,,341,BGARCIA,1/22/2021 0:00,Milling - Cell A,BGARCIA,54,1/22/2021 0:00,Dimensional,,0,0,0,0,"Skeletal Dynamics, LLC"
3484,1/25/2021 0:00,Completed,1642646,Reline Breakoff Extension,E,1642646,,,NUVAS,1642646,Extension,NV14765,310,Offset,274,48,DMR,RFOLK,1/25/2021 0:00,Rework,3/3/2021 0:00,,1/25/2021 0:00,,310,LSAI,2/12/2021 0:00,Swiss - Cell C,MDIECKMAN,274,2/25/2021 0:00,Diameter,,48,,,,NuVasive
3521,2/12/2021 0:00,Completed,15005-03-065-055,6.5 x 55mm Cannulated Bone Screw,B,15005-03-0XX-XXX,,,ALPHA,,,AL0991,310,Fail to Follow Procd,110,108,DMR,MDIECKMAN,2/12/2021 0:00,Rework,3/4/2021 0:00,,2/12/2021 0:00,,310,KMILLER,3/10/2021 0:00,Swiss - Cell A,MDIECKMAN,110,2/12/2021 0:00,Diameter,,0,108,,,Alphatec Spine
3525,2/22/2021 0:00,Completed,1965084,6.5 x 55mm Polyaxial Reline-One Shank,A,1965XXX,,,NUVAS,,Shank,NV14717,332,Set-up / Settings,214,214,DMR,MDIECKMAN,2/22/2021 0:00,Rework,3/4/2021 0:00,,2/22/2021 0:00,,333,PLEPORE,3/22/2021 0:00,Post Machining Ops,MDIECKMAN,214,,Color Incorrect,,0,214,,,NuVasive
3527,2/22/2021 0:00,Disposition,1642661,Reline Poly Load Ring,C,1642661,,,NUVAS,,Load Ring,NV14813,310,Tooling,1100,1100,DMR,MDIECKMAN,2/22/2021 0:00,Rework,,,2/22/2021 0:00,,310,,,Swiss - Cell D,MDIECKMAN,1100,2/22/2021 0:00,Diameter,,,1100,,,NuVasive
3483,1/25/2021 0:00,Closed,19000-03-40-10,4.0 x 10mm Screw Shank,A,19000-03-XX-XX,,,ALPHA,19000-03-XX-XX,Shank,AL0917,310,Tooling,205,28,DMR,RFOLK,1/25/2021 0:00,Scrap,1/25/2021 0:00,1/29/2021 0:00,1/25/2021 0:00,,310,KMILLER,1/26/2021 0:00,Swiss - Cell A,MDIECKMAN,205,2/25/2021 0:00,Dimensional,,28,,,,Alphatec Spine
3491,1/27/2021 0:00,Verification,DRW-01049-01,"108mm, Proximal Ulna Plate, Right",RAM,DRW-01049-00,,3586,SKEL,DRW-01049-00,Plate,SD1357,311,Finish Process,96,37,DMR,BGARCIA,1/27/2021 0:00,Rework,2/11/2021 0:00,,1/27/2021 0:00,SD1357,340,,,Milling - Cell A,BGARCIA,96,3/1/2021 0:00,Tools Marks / Chatte,,0,37,0,0,"Skeletal Dynamics, LLC"
3498,2/3/2021 0:00,Disposition,15004-02,Polyaxial Bushing,B,15004-02,,,ALPHA,,Load Ring,AL1082,310,Fail to Follow Procd,1177,1177,DMR,MDIECKMAN,2/3/2021 0:00,Rework,,,2/3/2021 0:00,,310,JTHOMAS,2/10/2021 0:00,Swiss - Cell D,MDIECKMAN,1177,2/3/2021 0:00,Burrs,,,,,,Alphatec Spine
3499,2/4/2021 0:00,Disposition,DRW-00717-02,2.0mm Preloaded Drill Guide Green,RAJ,DRW-00717-00,,,SKEL,,Drill Guide,SD1231,336,Finish Process,1086,1086,DMR,MDIECKMAN,2/4/2021 0:00,Rework,,,2/4/2021 0:00,,333,,,Post Machining Ops,MDIECKMAN,1086,,Color Incorrect,,,1086,,,"Skeletal Dynamics, LLC"
3535,2/24/2021 0:00,Disposition,1642799,Reline MOD Load Ring,C,1642799,,,NUVAS,,Load Ring,NV15267,310,Tooling,1100,1100,DMR,MDIECKMAN,2/24/2021 0:00,Rework,,,2/24/2021 0:00,,310,,,Swiss - Cell D,MDIECKMAN,1100,,Diameter,,,1100,,,NuVasive
3513,2/5/2021 0:00,Disposition,P53-103-L101,"MTP Plate, 10 Deg, Short, Left",C,P53-103-L101,9/1/3313,3313,PARAGON,P53-103-L101,Plate,9/1/3313,311,Finish Process,31,13,DMR,BGARCIA,2/5/2021 0:00,,,,2/5/2021 0:00,,340,,,Milling - Cell B,BGARCIA,31,2/5/2021 0:00,Color Incorrect,,,,,,SeaSpine
3512,2/5/2021 0:00,Verification,ET1-302812-12,"28 x 12mm End Plate, 0 Degree",B,ET1-30XXXX-12,,3606,SEASPINE,ET1-30XXXX-12,Other,SS0099,311,Finish Process,52,52,DMR,BGARCIA,2/5/2021 0:00,Use As Is- Deviation,2/22/2021 0:00,,2/5/2021 0:00,,340,,,Milling - Cell A,BGARCIA,52,3/5/2021 0:00,Dimensional,,0,0,0,52,SeaSpine
3514,2/5/2021 0:00,Verification,PINV0064,Prophecy Invision Guide Shim,B,PINV0064,R3551-01-2,3551,WRIGHT,PINV0064,Other,R3551-01-2,311,Set-up / Settings,9,9,DMR,BGARCIA,2/5/2021 0:00,Rework,3/18/2021 0:00,,2/5/2021 0:00,,340,,,Milling - Cell A,BGARCIA,9,3/5/2021 0:00,Dimensional,,9,0,0,0,
3518,2/10/2021 0:00,Completed,8447580,"7.5 x 80mm Open Iliac Screw Assembly, Ti",K,844XXXX,10/1/3565,,NUVAS,,Assembly,,310,Tooling,28,19,DMR,MDIECKMAN,2/10/2021 0:00,Rework,3/4/2021 0:00,,2/10/2021 0:00,,310,LSAI,2/12/2021 0:00,Swiss - Cell C,MDIECKMAN,28,2/10/2021 0:00,Scratches,,0,19,,,
3520,2/12/2021 0:00,Completed,1882083,5.0 x 20mm Modulus 3D Interfix ALIF Bolt,B,1882080,003615-1-1,,NUVAS,,Shank,,332,Procedure,1061,661,DMR,MDIECKMAN,2/12/2021 0:00,Rework,3/3/2021 0:00,,2/12/2021 0:00,,332,PLEPORE,3/22/2021 0:00,Post Machining Ops,MDIECKMAN,1061,,Other,,,661,,,
3496,2/25/2021 0:00,Verification,DRW-00815-03,2.5mm Preloaded Drill Guide Gold,RAG,DRW-00815-00,,,SKEL,,Drill Guide,SD0920,333,Set-up / Settings,1097,1097,DMR,MDIECKMAN,2/25/2021 0:00,Scrap,2/25/2021 0:00,,2/25/2021 0:00,,333,,,Post Machining Ops,MDIECKMAN,1097,,Color Incorrect,,1097,,,,"Skeletal Dynamics, LLC"
3557,3/1/2021 0:00,Disposition,K2-01-1077-07,7.5 x 55mm Cannulated Polyaxial ATR Screw,6,K2-01-1077-01,,,K2M,,Shank,KM0078,310,Tooling,27,27,DMR,MDIECKMAN,3/1/2021 0:00,Rework,,,3/1/2021 0:00,,310,,,Swiss - Cell A,MDIECKMAN,27,,Burrs,,0,27,,,"K2M, Inc."
3565,3/8/2021 0:00,Disposition,11301-109-05,"9mm Lucent XP-C Retainer, 15 degrees",A,11301-XXX-05,,3498,SPINALE,11301-XXX-05,Other,SE0120,311,Set-up / Settings,17,17,DMR,BGARCIA,3/8/2021 0:00,Rework,,,3/8/2021 0:00,SE0120,340,,,Milling Production,BGARCIA,17,4/8/2021 0:00,Tools Marks / Chatte,,0,17,0,0,Spinal Elements
3560,3/8/2021 0:00,Disposition,P53-103-L101,"MTP Plate, 10 Deg, Short, Left",C,P53-103-L101,9/1/3522,3522,PARAGON,P53-103-L101,Plate,9/1/3522,336,Finish Process,158,158,DMR,BGARCIA,3/8/2021 0:00,Rework,,,3/8/2021 0:00,9/1/3522,311,,,Milling - Cell B,BGARCIA,158,4/8/2021 0:00,Dimensional,,0,158,0,0,
3568,3/10/2021 0:00,Disposition,ET1-302808-11,"28x08mm 0 DEG, Distal Body",C,ET1-30XXXX-11,,3606,SEASPINE,ET1-30XXXX-11,Other,SS0141,311,Set-up / Settings,115,29,DMR,BGARCIA,3/12/2021 0:00,Rework,,,3/10/2021 0:00,SS0141,340,,,Milling - Cell A,BGARCIA,115,4/12/2021 0:00,Dimensional,,7,22,0,0,SeaSpine
3600,3/24/2021 0:00,Disposition,K2-01-1075-04,6.5 x 40mm Cannulated Polyaxial ATR Screw,6,K2-01-1075-01,,,K2M,,Shank,KM0075,333,Set-up / Settings,256,82,DMR,MDIECKMAN,3/24/2021 0:00,Rework,,,3/24/2021 0:00,,333,,,Post Machining Ops,MDIECKMAN,256,,Color Incorrect,,0,82,,,"K2M, Inc."
3508,2/5/2021 0:00,Disposition,24037555,7.5 x 55mm 2FC Reline-One Mod Shank,A,2403XXYY,003623-1-1,,NUVAS,,Shanks,,332,Fail to Follow Procd,28,28,DMR,MDIECKMAN,2/5/2021 0:00,Rework,,,2/5/2021 0:00,,332,MDIECKMAN,2/5/2021 0:00,Post Machining Ops,MDIECKMAN,28,,Other,,0,28,,,
3511,2/5/2021 0:00,Closed,19000-03-40-18,4.0 x 18mm Screw Shank,A,19000-03-XX-XX,,,ALPHA,19000-03-XX-XX,Shanks,AL0924,336,Tooling,207,207,DMR,RFOLK,2/5/2021 0:00,Rework,2/11/2021 0:00,2/24/2021 0:00,2/5/2021 0:00,,336,PLEPORE,2/12/2021 0:00,Post Machining Ops,MDIECKMAN,207,3/5/2021 0:00,Dimensional,,0,207,,,Alphatec Spine
3523,2/16/2021 0:00,Verification,15022-05-01,"Main Body, Extended Tab, Bottom Loading",B,15022-05-01,,3599,ALPHA,15022-05-01,Tulip,AL1017,310,Offset,275,275,DMR,BGARCIA,3/3/2021 0:00,Use As Is- Deviation,3/3/2021 0:00,,2/16/2021 0:00,AL1017,340,,,Swiss - Cell C,MDIECKMAN,20,3/16/2021 0:00,Dimensional,,,0,,275,Alphatec Spine
3577,3/15/2021 0:00,Investigation,DRW-00764-02,Distal Radius Plate Standard 3H Left,RAS,DRW-00764-00,,3581,SKEL,DRW-00764-00,Plate,SD1328,,,198,198,DMR,BGARCIA,,Rework,,,3/15/2021 0:00,SD1328,340,,,Milling - Cell A,BGARCIA,20,4/15/2021 0:00,Dimensional,,0,198,0,0,"Skeletal Dynamics, LLC"
3587,3/19/2021 0:00,Completed,15005-04-075-040,7.5 x 40mm Cannulated Bottom Loading Bone Screw,B,15005-04-XXX-XXX,,,ALPHA,,Shank,AL1113,310,Tooling,213,213,DMR,MDIECKMAN,3/19/2021 0:00,Use As Is- Deviation,3/19/2021 0:00,,3/19/2021 0:00,,310,KMILLER,3/19/2021 0:00,Swiss - Cell A,MDIECKMAN,213,,Tools Marks / Chatte,,,,,213,Alphatec Spine
3588,3/19/2021 0:00,Disposition,1450225,5.0x22.5mm Modulus ALIF Fixation Bolt,A,14DDLLL,003630-4-1,,NUVAS,,Shank,,336,Procedure,999,999,DMR,MDIECKMAN,3/19/2021 0:00,Rework,,,3/19/2021 0:00,,336,,,Post Machining Ops,MDIECKMAN,999,,Dimensional,,0,999,,,
3592,3/22/2021 0:00,Completed,1642646,Reline Breakoff Extension,E,1642646,,,NUVAS,,Extension,NV15040,380,Set-up / Settings,273,273,DMR,MDIECKMAN,3/22/2021 0:00,Return To Vendor,3/24/2021 0:00,,3/22/2021 0:00,,380,MDIECKMAN,3/24/2021 0:00,Vendor,MDIECKMAN,273,,Diameter,,,,273,,NuVasive
3596,3/23/2021 0:00,Disposition,K2-01-1075-05,6.5 x 45mm Cannulated Polyaxial ATR Screw,6,K2-01-1075-01,,,K2M,,Shank,KM0076,333,Tooling,276,276,DMR,MDIECKMAN,3/23/2021 0:00,Rework,,,3/23/2021 0:00,,333,,,Post Machining Ops,MDIECKMAN,276,,Other,,0,276,,,"K2M, Inc."
3533,2/23/2021 0:00,Verification,11301-110-05,"10mm Lucent XP-C Retainer, 15 degrees",A,11301-XXX-05,,3505,SPINALE,11301-XXX-05,Other,SE0121,311,Offset,15,15,DMR,BGARCIA,2/23/2021 0:00,Rework,3/4/2021 0:00,,2/23/2021 0:00,SE0121,340,,,Milling Production,BGARCIA,15,2/23/2021 0:00,Surface Finish,,1,14,0,0,Spinal Elements
3553,3/1/2021 0:00,Verification,24036540,6.5 x 40mm 2FC Reline-One Mod Shank,A,2403XXYY,3574-37-2,,NUVAS,,Shank,,332,Procedure,47,29,DMR,MDIECKMAN,3/1/2021 0:00,Rework,3/4/2021 0:00,,3/1/2021 0:00,,332,,,Post Machining Ops,MDIECKMAN,47,,Other,,0,29,0,0,
3591,3/22/2021 0:00,Disposition,1751205,4.5 x 45mm Cannulated Cancellous Shank,C,1751200,,,NUVAS,,Shank,NV15504,336,Tooling,238,38,DMR,MDIECKMAN,3/22/2021 0:00,Rework,,,3/22/2021 0:00,,336,,,Post Machining Ops,MDIECKMAN,238,,Other,,0,38,,,NuVasive
3598,3/23/2021 0:00,Disposition,K2-01-1077-07,7.5 x 55mm Cannulated Polyaxial ATR Screw,6,K2-01-1077-01,,,K2M,,Shank,KM0078,333,Tooling,10,10,DMR,MDIECKMAN,3/23/2021 0:00,Rework,,,3/23/2021 0:00,,336,,,Post Machining Ops,MDIECKMAN,10,,Other,,,10,,,"K2M, Inc."
3534,2/24/2021 0:00,Verification,18000-01,Polyaxial Tulip,B,18000-01,,,ALPHA,,Tulip,AL0882,332,Set-up / Settings,560,1,DMR,MDIECKMAN,2/24/2021 0:00,Scrap,2/24/2021 0:00,,2/24/2021 0:00,,332,,,Post Machining Ops,MDIECKMAN,560,,Comingled,,1,,,,Alphatec Spine
3564,3/9/2021 0:00,Verification,ET1-302808-10,"28 x 8mm Proximal Body, 0 Degree",B,ET1-30XXXX-10,,3606,SEASPINE,ET1-30XXXX-10,Other,SS0138,311,Set-up / Settings,22,10,DMR,BGARCIA,3/9/2021 0:00,Scrap,3/9/2021 0:00,,3/9/2021 0:00,,340,,,Milling - Cell A,BGARCIA,22,4/9/2021 0:00,Dimensional,,10,0,0,0,SeaSpine
3571,3/10/2021 0:00,Disposition,1642661,Reline Poly Load Ring,C,1642661,,,NUVAS,,Load Ring,NV15136,310,Fail to Follow Procd,1100,1100,DMR,MDIECKMAN,3/10/2021 0:00,Rework,,,3/10/2021 0:00,,310,,,Swiss - Cell D,MDIECKMAN,1100,,Diameter,,,1100,,,NuVasive
3544,2/25/2021 0:00,Verification,DRW-00782-02,Asm Distal Radius Plate Narrow 3H Left,RAO,DRW-00782-00,12/1/3357,3357,SKEL,DRW-00699-00,Plate,SD1115,331,Finish Process,92,92,DMR,BGARCIA,2/25/2021 0:00,Scrap,2/25/2021 0:00,,2/25/2021 0:00,,341,,,Milling - Cell A,BGARCIA,13,3/25/2021 0:00,Other,,92,0,0,0,"Skeletal Dynamics, LLC"
3583,3/19/2021 0:00,Disposition,ET1-382810-11,"9x28x10-14 Distal Body, 8 Deg",C,ET1-3XXXXX-11,,3608,SEASPINE,ET1-3XXXXX-11,Other,SS0119,311,Set-up / Settings,86,30,DMR,BGARCIA,3/19/2021 0:00,Rework,,,3/19/2021 0:00,SS0119,340,,,Milling - Cell B,BGARCIA,86,4/19/2021 0:00,Surface Finish,,0,30,0,0,SeaSpine
3585,3/19/2021 0:00,Completed,15004-01,Top Loading Body,B,15004-01,,,ALPHA,,Tulip,AL1156,331,Fail to Follow Procd,275,275,DMR,MDIECKMAN,3/19/2021 0:00,Scrap,3/19/2021 0:00,,3/19/2021 0:00,,336,MHANLON,3/19/2021 0:00,Post Machining Ops,MDIECKMAN,275,3/19/2021 0:00,Dimensional,,275,,,,Alphatec Spine
3586,3/19/2021 0:00,Completed,15005-04-075-045,7.5 x 45mm Cannulated Bottom Loading Bone Screw,B,15005-04-XXX-XXX,,,ALPHA,,Shank,AL1114,310,Tooling,248,132,DMR,MDIECKMAN,3/19/2021 0:00,Use As Is- Deviation,3/19/2021 0:00,,3/19/2021 0:00,,310,KMILLER,3/19/2021 0:00,Swiss - Cell A,MDIECKMAN,248,,Tools Marks / Chatte,,,,,132,Alphatec Spine
3547,2/25/2021 0:00,Verification,DRW-00767-02,Asm Distal Radius Plate Standard 7H Left,RAL,DRW-00767-00,5/2/3258,3258,SKEL,DRW-00769-00,Plate,SD1197,311,Offset,9,9,DMR,BGARCIA,2/25/2021 0:00,Scrap,2/25/2021 0:00,,2/25/2021 0:00,,341,,,Milling - Cell A,BGARCIA,9,3/25/2021 0:00,Dimensional,,9,0,0,0,"Skeletal Dynamics, LLC"
3548,2/25/2021 0:00,Verification,DRW-00703-02,Asm Distal Radius Plate Standard 4H Left,RAO,DRW-00703-00,11/1/3256,3256,SKEL,DRW-00683-00,Plate,SD0991,311,Offset,6,6,DMR,BGARCIA,2/25/2021 0:00,Scrap,2/25/2021 0:00,,2/25/2021 0:00,,341,,,Milling - Cell A,BGARCIA,6,3/25/2021 0:00,Dimensional,,6,0,0,0,"Skeletal Dynamics, LLC"
3549,2/25/2021 0:00,Verification,DRW-00766-01,Asm Distal Radius Plate Standard 3H Right,RAN,DRW-00766-00,2/1/3581,3581,SKEL,DRW-00764-00,Plate,SD1162,311,Offset,6,6,DMR,BGARCIA,2/25/2021 0:00,Rework,3/4/2021 0:00,,2/25/2021 0:00,2/2/3581,341,,,Milling - Cell A,BGARCIA,6,3/25/2021 0:00,Dimensional,,0,6,0,0,"Skeletal Dynamics, LLC"
3554,3/1/2021 0:00,Disposition,15005-03-065-045,6.5 x 45mm Cannulated Bone Screw,B,15005-03-0XX-XXX,,,ALPHA,,Shank,AL0990,310,Tooling,275,22,DMR,MDIECKMAN,3/1/2021 0:00,Rework,,,3/1/2021 0:00,,310,,,Swiss - Cell A,MDIECKMAN,275,,Diameter,,0,22,,,Alphatec Spine
3561,3/3/2021 0:00,Disposition,1882084,5.0 x 22.5mm Modulus 3D Interfix ALIF Bolt,B,1882080,003638-3-1,,NUVAS,,Shank,,380,Tooling,414,414,DMR,MDIECKMAN,3/3/2021 0:00,Return To Vendor,,,3/3/2021 0:00,,380,MDIECKMAN,3/3/2021 0:00,Vendor,MDIECKMAN,414,,Dimensional,,,,414,,
3570,3/10/2021 0:00,Completed,AP1-624318,"4.3 x 18mm Fixed Angle Screw, Self-Tapping",B,AP1-624310_22,003640-6-1,,39188/1,,Shanks,,334,Set-up / Settings,40,40,DMR,MDIECKMAN,3/10/2021 0:00,Scrap,3/10/2021 0:00,,3/10/2021 0:00,,334,KBURCH,3/10/2021 0:00,Post Machining Ops,MDIECKMAN,40,,Laser Mark Incorrect,,40,,,,
3580,3/15/2021 0:00,Disposition,ET1-302808-12,"28 x 8mm End Plate, 0 Degree",C,ET1-30XXXX-12,,3606,SEASPINE,ET1-30XXXX-12,Other,SS0093,336,Finish Process,145,145,DMR,BGARCIA,3/15/2021 0:00,Use As Is- Deviation,,,3/15/2021 0:00,,340,,,Milling - Cell A,BGARCIA,20,4/16/2021 0:00,Dimensional,,0,0,0,145,SeaSpine
3581,3/17/2021 0:00,Disposition,DRW-00924-02,"73mm, Proximal Ulna Plate, Left",RAM,DRW-00924-00,,3586,SKEL,DRW-00924-00,Plate,SD1356,336,Finish Process,210,210,DMR,BGARCIA,3/17/2021 0:00,Rework,,,3/17/2021 0:00,SD1356,340,,,Milling - Cell A,BGARCIA,210,4/19/2021 0:00,Dimensional,,0,210,0,0,"Skeletal Dynamics, LLC"
3555,3/1/2021 0:00,Disposition,1642646,Reline Breakoff Extension,E,1642646,,,NUVAS,,Extensions,NV15635,311,Fail to Follow Procd,42,42,DMR,MDIECKMAN,3/1/2021 0:00,Rework,,,3/1/2021 0:00,,311,MDIECKMAN,3/1/2021 0:00,Vendor,MDIECKMAN,42,,Burrs,,0,42,,,NuVasive
3556,3/1/2021 0:00,Disposition,K2-01-1077-05,7.5 x 45mm Cannulated Polyaxial ATR Screw,6,K2-01-1077-01,,,K2M,,Shanks,KM0077,310,Tooling,110,110,DMR,MDIECKMAN,3/1/2021 0:00,,,,3/1/2021 0:00,,310,,,Swiss - Cell A,MDIECKMAN,110,,Burrs,,,,,,"K2M, Inc."
3562,3/9/2021 0:00,Verification,ET1-302808-10,"28 x 8mm Proximal Body, 0 Degree",B,ET1-30XXXX-10,,3606,SEASPINE,ET1-30XXXX-10,Other,SS0137,311,Set-up / Settings,20,11,DMR,BGARCIA,3/9/2021 0:00,Scrap,3/9/2021 0:00,,3/9/2021 0:00,,340,,,Milling - Cell A,BGARCIA,20,4/9/2021 0:00,Dimensional,,11,0,0,0,SeaSpine
3567,3/9/2021 0:00,Disposition,DRW-00764-02,Distal Radius Plate Standard 3H Left,RAS,DRW-00764-00,,3581,SKEL,DRW-00764-00,Plate,SD1326,311,Set-up / Settings,247,247,DMR,BGARCIA,3/12/2021 0:00,Rework,,,3/10/2021 0:00,SD1326,340,,,Milling - Cell A,BGARCIA,247,4/9/2021 0:00,Dimensional,,8,239,0,0,"Skeletal Dynamics, LLC"
3584,3/19/2021 0:00,Disposition,DRW-00699-02,Distal Radius Plate Narrow 3H Left,RAV,DRW-00699-00,,3581,SKEL,DRW-00699-00,Plate,SD1346,336,Finish Process,346,346,DMR,BGARCIA,3/19/2021 0:00,Rework,,,3/19/2021 0:00,SD1346,340,,,Milling - Cell A,BGARCIA,10,4/19/2021 0:00,Dimensional,,0,346,0,0,"Skeletal Dynamics, LLC"
3593,3/22/2021 0:00,Disposition,1582025,Precept Poly C.R. Tulip,C,1582025,,,NUVAS,,Tulip,NV15278,310,Offset,550,550,DMR,MDIECKMAN,3/22/2021 0:00,Rework,,,3/22/2021 0:00,,310,,,Swiss - Cell B,MDIECKMAN,550,,Diameter,,0,550,,,NuVasive
3575,3/12/2021 0:00,Disposition,11301-108-05,"8mm Lucent XP-C Retainer, 15 degrees",A,11301-XXX-05,,,SPINALE,,Plate,SE0119,311,Tooling,15,15,DMR,MDIECKMAN,3/12/2021 0:00,Rework,,,3/12/2021 0:00,,311,,,Milling Production,MDIECKMAN,15,,Tools Marks / Chatte,,0,15,,,Spinal Elements
3578,3/15/2021 0:00,Disposition,DRW-00699-02,Distal Radius Plate Narrow 3H Left,RAV,DRW-00699-00,,3581,SKEL,DRW-00699-00,Plate,SD1347,336,Finish Process,229,229,DMR,BGARCIA,3/15/2021 0:00,Rework,,,3/15/2021 0:00,SD1347,340,,,Milling - Cell A,BGARCIA,20,4/16/2021 0:00,Dimensional,,0,229,0,0,"Skeletal Dynamics, LLC"
3582,3/18/2021 0:00,Disposition,DRW-01079-02,"108mm, Assembled, Proximal Ulna Plate, Left",RAC,DRW-01079-00,003586-8-2,3586,4878,DRW-01049-00,Plate,SD1363,311,Set-up / Settings,21,21,DMR,BGARCIA,3/18/2021 0:00,Rework,,,3/18/2021 0:00,003586-8-2,335,,,Milling - Cell A,BGARCIA,1,4/19/2021 0:00,Dimensional,,0,21,0,0,
3590,3/22/2021 0:00,Disposition,18000-01,Polyaxial Tulip,B,18000-01,,,ALPHA,,Tulip,AL0887,310,Offset,1106,1106,DMR,MDIECKMAN,3/22/2021 0:00,Rework,,,3/22/2021 0:00,,310,,,Swiss - Cell B,MDIECKMAN,1106,,Diameter,,,1106,,,Alphatec Spine
3573,3/11/2021 0:00,Verification,1642799,Reline MOD Load Ring,C,1642799,,,NUVAS,,Load Ring,NV15283,310,Fail to Follow Procd,1178,1178,DMR,LBARLOW,3/11/2021 0:00,Rework,,,3/11/2021 0:00,,310,,,Swiss - Cell D,LBARLOW,1178,4/12/2021 0:00,Diameter,,,1178,,,NuVasive
3599,3/23/2021 0:00,Disposition,K2-01-1077-05,7.5 x 45mm Cannulated Polyaxial ATR Screw,6,K2-01-1077-01,,,K2M,,Shank,KM0077,333,Tooling,100,26,DMR,MDIECKMAN,3/23/2021 0:00,Rework,,,3/23/2021 0:00,,333,,,Post Machining Ops,MDIECKMAN,100,,Other,,,26,,,"K2M, Inc."
3601,3/24/2021 0:00,Disposition,15025-055-040,5.5x40mm Extended Tab Assy,F,15025-XXX-XXX,003599-4-2,,ALPHA,,Assembly,,810,Set-up / Settings,19,19,DMR,MDIECKMAN,3/24/2021 0:00,Use As Is- Deviation,,,3/24/2021 0:00,,810,,,Tactical Planning,MDIECKMAN,19,,Laser Mark Incorrect,,,,,19,
